scenario,interval_id,begin,end,edge_id,speed,traveltime,occupancy,entered,left
scen2,ed_port_scen1,0.0,60.0,22690115,13.44,57.91,0.38,2.0,0.0
scen2,ed_port_scen1,0.0,60.0,559367542,7.16,8.99,1.14,0.0,2.0
scen2,ed_port_scen1,60.0,120.0,1187557612,11.31,8.39,0.2,1.0,0.0
scen2,ed_port_scen1,60.0,120.0,22690115,13.37,58.2,2.32,15.0,2.0
scen2,ed_port_scen1,60.0,120.0,22690125#0,10.52,9.52,0.79,2.0,2.0
scen2,ed_port_scen1,60.0,120.0,22690125#1,10.63,9.57,0.78,2.0,2.0
scen2,ed_port_scen1,60.0,120.0,22690125#2,11.06,7.97,0.41,2.0,1.0
scen2,ed_port_scen1,60.0,120.0,559367542,6.73,9.56,9.67,0.0,15.0
scen2,ed_port_scen1,60.0,120.0,668507066#0,13.42,1.39,0.21,1.0,1.0
scen2,ed_port_scen1,60.0,120.0,668507066#1,13.29,3.13,0.21,1.0,1.0
scen2,ed_port_scen1,60.0,120.0,668507066#2,13.24,11.31,0.21,1.0,1.0
scen2,ed_port_scen1,120.0,180.0,1187557611,12.87,3.79,0.34,2.0,1.0
scen2,ed_port_scen1,120.0,180.0,1187557612,10.1,9.41,0.57,3.0,2.0
scen2,ed_port_scen1,120.0,180.0,22690115,13.34,58.24,5.6,18.0,16.0
scen2,ed_port_scen1,120.0,180.0,22690125#0,10.4,9.62,5.63,16.0,13.0
scen2,ed_port_scen1,120.0,180.0,22690125#1,10.47,9.71,4.56,13.0,10.0
scen2,ed_port_scen1,120.0,180.0,22690125#2,10.25,8.61,3.76,10.0,8.0
scen2,ed_port_scen1,120.0,180.0,22740417#0,9.5,0.23,0.48,2.0,2.0
scen2,ed_port_scen1,120.0,180.0,22740417#1,11.3,0.45,0.49,2.0,2.0
scen2,ed_port_scen1,120.0,180.0,22740417#5,10.07,0.26,0.55,2.0,2.0
scen2,ed_port_scen1,120.0,180.0,22740434#0,13.47,13.47,0.41,2.0,2.0
scen2,ed_port_scen1,120.0,180.0,22740434#1,13.29,1.87,0.42,2.0,2.0
scen2,ed_port_scen1,120.0,180.0,22740446#5,11.36,2.83,0.24,1.0,1.0
scen2,ed_port_scen1,120.0,180.0,559367542,7.06,9.13,10.31,0.0,18.0
scen2,ed_port_scen1,120.0,180.0,657270567#0,11.2,4.78,0.25,1.0,1.0
scen2,ed_port_scen1,120.0,180.0,657270567#1,11.33,18.6,0.18,1.0,0.0
scen2,ed_port_scen1,120.0,180.0,668507066#0,13.29,1.42,1.25,6.0,6.0
scen2,ed_port_scen1,120.0,180.0,668507066#1,13.31,3.11,1.17,6.0,5.0
scen2,ed_port_scen1,120.0,180.0,668507066#2,13.2,11.34,0.87,5.0,3.0
scen2,ed_port_scen1,120.0,180.0,92848439#0,11.31,2.93,0.24,1.0,1.0
scen2,ed_port_scen1,120.0,180.0,92848439#1,11.06,0.67,0.25,1.0,1.0
scen2,ed_port_scen1,120.0,180.0,92848439#2,10.2,2.65,0.28,1.0,1.0
scen2,ed_port_scen1,180.0,240.0,1187557611,12.98,3.74,3.22,10.0,9.0
scen2,ed_port_scen1,180.0,240.0,1187557612,9.87,9.61,4.87,17.0,17.0
scen2,ed_port_scen1,180.0,240.0,1211925690,12.71,3.19,0.33,1.0,1.0
scen2,ed_port_scen1,180.0,240.0,22689399#1,10.78,1.39,0.38,1.0,1.0
scen2,ed_port_scen1,180.0,240.0,22689399#2,11.59,0.13,0.36,1.0,1.0
scen2,ed_port_scen1,180.0,240.0,22689399#3,10.78,0.02,0.39,1.0,1.0
scen2,ed_port_scen1,180.0,240.0,22690115,13.34,58.24,5.39,17.0,18.0
scen2,ed_port_scen1,180.0,240.0,22690125#0,10.45,9.57,7.3,18.0,18.0
scen2,ed_port_scen1,180.0,240.0,22690125#1,10.18,9.99,7.53,18.0,19.0
scen2,ed_port_scen1,180.0,240.0,22690125#2,10.03,8.79,7.68,18.0,18.0
scen2,ed_port_scen1,180.0,240.0,22740417#0,10.62,0.2,3.37,14.0,14.0
scen2,ed_port_scen1,180.0,240.0,22740417#1,10.35,0.5,3.74,14.0,14.0
scen2,ed_port_scen1,180.0,240.0,22740417#5,11.0,0.25,3.16,14.0,14.0
scen2,ed_port_scen1,180.0,240.0,22740434#0,13.31,13.65,2.66,14.0,12.0
scen2,ed_port_scen1,180.0,240.0,22740434#1,13.36,1.86,2.25,11.0,10.0
scen2,ed_port_scen1,180.0,240.0,22740446#5,10.68,3.01,1.3,5.0,5.0
scen2,ed_port_scen1,180.0,240.0,559367542,6.92,9.31,10.24,0.0,17.0
scen2,ed_port_scen1,180.0,240.0,657270567#0,10.77,4.99,1.24,5.0,4.0
scen2,ed_port_scen1,180.0,240.0,657270567#1,10.5,20.06,0.62,4.0,2.0
scen2,ed_port_scen1,180.0,240.0,657270567#2,10.79,23.63,0.38,2.0,1.0
scen2,ed_port_scen1,180.0,240.0,668507066#0,13.14,1.44,3.61,18.0,17.0
scen2,ed_port_scen1,180.0,240.0,668507066#1,13.35,3.1,3.61,17.0,18.0
scen2,ed_port_scen1,180.0,240.0,668507066#2,13.12,11.38,3.73,18.0,17.0
scen2,ed_port_scen1,180.0,240.0,669284456,5.43,10.14,0.57,1.0,0.0
scen2,ed_port_scen1,180.0,240.0,669284459,10.62,6.84,0.78,1.0,1.0
scen2,ed_port_scen1,180.0,240.0,669284465,10.61,4.38,0.39,1.0,1.0
scen2,ed_port_scen1,180.0,240.0,92848439#0,10.28,3.22,2.32,9.0,8.0
scen2,ed_port_scen1,180.0,240.0,92848439#1,10.16,0.74,2.0,8.0,7.0
scen2,ed_port_scen1,180.0,240.0,92848439#2,9.66,2.8,1.72,7.0,5.0
scen2,ed_port_scen1,240.0,300.0,1187557611,12.84,3.77,5.07,16.0,16.0
scen2,ed_port_scen1,240.0,300.0,1187557612,10.02,9.43,5.09,18.0,18.0
scen2,ed_port_scen1,240.0,300.0,1211925690,10.26,3.98,0.91,3.0,2.0
scen2,ed_port_scen1,240.0,300.0,22689399#1,9.99,1.57,2.0,5.0,5.0
scen2,ed_port_scen1,240.0,300.0,22689399#2,10.39,0.13,2.0,5.0,5.0
scen2,ed_port_scen1,240.0,300.0,22689399#3,11.15,0.02,1.87,5.0,5.0
scen2,ed_port_scen1,240.0,300.0,22690115,13.36,58.17,5.51,18.0,17.0
scen2,ed_port_scen1,240.0,300.0,22690125#0,10.52,9.52,6.73,17.0,16.0
scen2,ed_port_scen1,240.0,300.0,22690125#1,10.92,9.32,6.12,16.0,16.0
scen2,ed_port_scen1,240.0,300.0,22690125#2,10.94,8.04,6.62,17.0,18.0
scen2,ed_port_scen1,240.0,300.0,22740417#0,5.08,0.46,10.41,20.0,20.0
scen2,ed_port_scen1,240.0,300.0,22740417#1,4.45,1.32,15.0,20.0,20.0
scen2,ed_port_scen1,240.0,300.0,22740417#5,4.87,0.47,11.81,20.0,20.0
scen2,ed_port_scen1,240.0,300.0,22740434#0,12.8,14.19,3.6,19.0,15.0
scen2,ed_port_scen1,240.0,300.0,22740434#1,13.37,1.87,3.15,15.0,16.0
scen2,ed_port_scen1,240.0,300.0,22740446#5,9.56,3.35,5.12,18.0,17.0
scen2,ed_port_scen1,240.0,300.0,559367542,7.05,9.16,10.17,0.0,18.0
scen2,ed_port_scen1,240.0,300.0,657270567#0,10.17,5.29,4.65,17.0,17.0
scen2,ed_port_scen1,240.0,300.0,657270567#1,10.33,20.4,3.97,17.0,13.0
scen2,ed_port_scen1,240.0,300.0,657270567#2,9.66,26.43,2.62,13.0,5.0
scen2,ed_port_scen1,240.0,300.0,668507066#0,13.28,1.42,4.13,19.0,20.0
scen2,ed_port_scen1,240.0,300.0,668507066#1,13.35,3.1,3.97,20.0,19.0
scen2,ed_port_scen1,240.0,300.0,668507066#2,12.95,11.53,3.78,19.0,18.0
scen2,ed_port_scen1,240.0,300.0,669284456,4.84,11.48,1.09,1.0,2.0
scen2,ed_port_scen1,240.0,300.0,669284459,9.16,7.75,4.17,5.0,4.0
scen2,ed_port_scen1,240.0,300.0,669284465,9.38,4.92,2.22,5.0,5.0
scen2,ed_port_scen1,240.0,300.0,92848439#0,9.85,3.36,4.5,16.0,16.0
scen2,ed_port_scen1,240.0,300.0,92848439#1,9.5,0.78,4.89,16.0,17.0
scen2,ed_port_scen1,240.0,300.0,92848439#2,8.71,3.09,5.48,16.0,18.0
scen2,ed_port_scen1,240.0,300.0,92848448#0,5.04,4.52,3.31,2.0,2.0
scen2,ed_port_scen1,240.0,300.0,92848448#1,5.53,22.88,1.5,1.0,1.0
scen2,ed_port_scen1,240.0,300.0,92848448#1.170,5.47,20.61,1.32,1.0,0.0
scen2,ed_port_scen1,240.0,300.0,E11,4.89,0.5,1.84,1.0,1.0
scen2,ed_port_scen1,240.0,300.0,E12,6.23,4.43,1.26,1.0,1.0
scen2,ed_port_scen1,240.0,300.0,E13,5.32,0.53,1.49,1.0,1.0
scen2,ed_port_scen1,300.0,360.0,1187557611,12.37,3.93,6.69,19.0,20.0
scen2,ed_port_scen1,300.0,360.0,1187557612,10.07,9.38,4.63,18.0,17.0
scen2,ed_port_scen1,300.0,360.0,1211925690,10.53,3.76,5.07,13.0,13.0
scen2,ed_port_scen1,300.0,360.0,22689399#1,7.07,2.04,9.75,17.0,17.0
scen2,ed_port_scen1,300.0,360.0,22689399#2,5.58,0.24,10.61,15.0,15.0
scen2,ed_port_scen1,300.0,360.0,22689399#3,3.93,0.5,13.54,13.0,13.0
scen2,ed_port_scen1,300.0,360.0,22690115,13.35,58.22,5.42,18.0,18.0
scen2,ed_port_scen1,300.0,360.0,22690125#0,10.54,9.5,7.11,18.0,19.0
scen2,ed_port_scen1,300.0,360.0,22690125#1,10.43,9.76,7.13,19.0,18.0
scen2,ed_port_scen1,300.0,360.0,22690125#2,10.42,8.47,6.95,18.0,18.0
scen2,ed_port_scen1,300.0,360.0,22740417#0,11.14,0.21,4.07,18.0,18.0
scen2,ed_port_scen1,300.0,360.0,22740417#1,12.12,0.44,3.44,16.0,15.0
scen2,ed_port_scen1,300.0,360.0,22740417#5,10.91,0.24,4.32,18.0,18.0
scen2,ed_port_scen1,300.0,360.0,22740434#0,13.37,13.58,3.67,16.0,18.0
scen2,ed_port_scen1,300.0,360.0,22740434#1,13.36,1.87,3.95,19.0,19.0
scen2,ed_port_scen1,300.0,360.0,22740446#5,10.03,3.2,5.45,20.0,20.0
scen2,ed_port_scen1,300.0,360.0,559367542,7.03,9.17,10.21,0.0,18.0
scen2,ed_port_scen1,300.0,360.0,657270567#0,10.4,5.17,4.67,19.0,18.0
scen2,ed_port_scen1,300.0,360.0,657270567#1,10.4,20.25,5.33,18.0,18.0
scen2,ed_port_scen1,300.0,360.0,657270567#2,9.46,26.97,5.0,18.0,18.0
scen2,ed_port_scen1,300.0,360.0,668507066#0,13.01,1.46,3.82,18.0,18.0
scen2,ed_port_scen1,300.0,360.0,668507066#1,13.37,3.09,3.79,18.0,17.0
scen2,ed_port_scen1,300.0,360.0,668507066#2,13.11,11.39,3.73,17.0,18.0
scen2,ed_port_scen1,300.0,360.0,669284456,4.75,11.63,9.08,13.0,8.0
scen2,ed_port_scen1,300.0,360.0,669284459,8.23,8.74,11.93,12.0,12.0
scen2,ed_port_scen1,300.0,360.0,669284465,9.33,5.01,7.63,17.0,17.0
scen2,ed_port_scen1,300.0,360.0,669871307#0,5.46,0.04,0.25,1.0,1.0
scen2,ed_port_scen1,300.0,360.0,669871307#1,5.51,25.44,0.05,1.0,0.0
scen2,ed_port_scen1,300.0,360.0,92848439#0,10.15,3.26,5.6,20.0,21.0
scen2,ed_port_scen1,300.0,360.0,92848439#1,9.92,0.75,5.87,21.0,21.0
scen2,ed_port_scen1,300.0,360.0,92848439#2,9.41,2.87,6.36,22.0,21.0
scen2,ed_port_scen1,300.0,360.0,92848448#0,4.91,4.65,12.85,8.0,7.0
scen2,ed_port_scen1,300.0,360.0,92848448#1,5.12,24.76,8.51,7.0,5.0
scen2,ed_port_scen1,300.0,360.0,92848448#1.170,4.99,22.64,2.57,3.0,1.0
scen2,ed_port_scen1,300.0,360.0,92848448#1.291,5.6,2.51,1.5,1.0,1.0
scen2,ed_port_scen1,300.0,360.0,92848448#1.312,5.44,16.52,1.53,1.0,1.0
scen2,ed_port_scen1,300.0,360.0,92848448#2,5.54,4.15,1.5,1.0,1.0
scen2,ed_port_scen1,300.0,360.0,92848448#2.33,5.38,15.06,1.55,1.0,1.0
scen2,ed_port_scen1,300.0,360.0,92848448#3,5.63,0.03,1.48,1.0,1.0
scen2,ed_port_scen1,300.0,360.0,E11,4.05,0.69,10.92,5.0,5.0
scen2,ed_port_scen1,300.0,360.0,E12,5.57,5.09,6.63,5.0,4.0
scen2,ed_port_scen1,300.0,360.0,E13,4.92,0.56,6.56,4.0,4.0
scen2,ed_port_scen1,360.0,420.0,1187557611,12.76,3.8,5.68,18.0,18.0
scen2,ed_port_scen1,360.0,420.0,1187557612,10.0,9.45,4.79,17.0,17.0
scen2,ed_port_scen1,360.0,420.0,1211925690,10.31,3.84,6.43,16.0,16.0
scen2,ed_port_scen1,360.0,420.0,22689399#1,5.55,2.58,14.25,19.0,19.0
scen2,ed_port_scen1,360.0,420.0,22689399#2,2.96,0.38,27.11,19.0,19.0
scen2,ed_port_scen1,360.0,420.0,22689399#3,3.35,0.49,20.72,19.0,18.0
scen2,ed_port_scen1,360.0,420.0,22690115,13.34,58.24,5.6,18.0,17.0
scen2,ed_port_scen1,360.0,420.0,22690125#0,10.69,9.36,6.77,17.0,17.0
scen2,ed_port_scen1,360.0,420.0,22690125#1,10.52,9.66,7.1,17.0,17.0
scen2,ed_port_scen1,360.0,420.0,22690125#2,10.42,8.45,7.03,17.0,17.0
scen2,ed_port_scen1,360.0,420.0,22740417#0,5.31,0.36,8.45,17.0,17.0
scen2,ed_port_scen1,360.0,420.0,22740417#1,4.37,1.41,15.64,19.0,20.0
scen2,ed_port_scen1,360.0,420.0,22740417#5,6.94,0.34,6.81,17.0,17.0
scen2,ed_port_scen1,360.0,420.0,22740434#0,12.87,14.12,3.87,20.0,18.0
scen2,ed_port_scen1,360.0,420.0,22740434#1,13.44,1.86,3.72,18.0,18.0
scen2,ed_port_scen1,360.0,420.0,22740446#5,10.02,3.2,4.13,15.0,14.0
scen2,ed_port_scen1,360.0,420.0,559367542,7.0,9.2,10.58,0.0,18.0
scen2,ed_port_scen1,360.0,420.0,657270567#0,10.38,5.19,4.32,15.0,16.0
scen2,ed_port_scen1,360.0,420.0,657270567#1,10.43,20.22,3.85,16.0,16.0
scen2,ed_port_scen1,360.0,420.0,657270567#2,9.87,25.85,5.56,16.0,22.0
scen2,ed_port_scen1,360.0,420.0,668507066#0,13.11,1.45,3.62,18.0,16.0
scen2,ed_port_scen1,360.0,420.0,668507066#1,13.45,3.08,3.42,16.0,17.0
scen2,ed_port_scen1,360.0,420.0,668507066#2,13.08,11.41,3.67,17.0,17.0
scen2,ed_port_scen1,360.0,420.0,669284456,4.47,12.33,15.26,16.0,17.0
scen2,ed_port_scen1,360.0,420.0,669284459,8.58,8.38,17.05,18.0,17.0
scen2,ed_port_scen1,360.0,420.0,669284465,9.31,4.97,9.63,23.0,20.0
scen2,ed_port_scen1,360.0,420.0,669871305#0,5.61,0.03,0.16,1.0,1.0
scen2,ed_port_scen1,360.0,420.0,669871305#1,5.43,13.15,0.17,1.0,1.0
scen2,ed_port_scen1,360.0,420.0,669871307#1,5.38,26.04,0.2,0.0,1.0
scen2,ed_port_scen1,360.0,420.0,669871307#2,5.3,7.25,0.26,1.0,1.0
scen2,ed_port_scen1,360.0,420.0,671267430,0.13,57.24,0.15,1.0,1.0
scen2,ed_port_scen1,360.0,420.0,92848439#0,10.21,3.24,4.63,18.0,17.0
scen2,ed_port_scen1,360.0,420.0,92848439#1,10.03,0.74,4.42,16.0,16.0
scen2,ed_port_scen1,360.0,420.0,92848439#2,9.09,2.96,4.7,16.0,15.0
scen2,ed_port_scen1,360.0,420.0,92848448#0,4.44,5.16,29.14,16.0,16.0
scen2,ed_port_scen1,360.0,420.0,92848448#1,4.18,30.27,30.0,17.0,11.0
scen2,ed_port_scen1,360.0,420.0,92848448#1.170,4.8,23.55,12.62,9.0,5.0
scen2,ed_port_scen1,360.0,420.0,92848448#1.291,5.1,2.74,8.18,5.0,5.0
scen2,ed_port_scen1,360.0,420.0,92848448#1.312,5.17,17.4,8.04,5.0,5.0
scen2,ed_port_scen1,360.0,420.0,92848448#2,5.08,4.53,8.2,5.0,5.0
scen2,ed_port_scen1,360.0,420.0,92848448#2.33,5.06,15.97,5.01,5.0,2.0
scen2,ed_port_scen1,360.0,420.0,92848448#3,4.42,0.04,3.76,2.0,2.0
scen2,ed_port_scen1,360.0,420.0,E11,3.74,0.82,23.31,10.0,10.0
scen2,ed_port_scen1,360.0,420.0,E12,5.15,5.48,13.66,10.0,9.0
scen2,ed_port_scen1,360.0,420.0,E13,4.77,0.6,14.15,9.0,9.0
scen2,ed_port_scen1,420.0,480.0,1187557611,12.8,3.79,5.86,18.0,18.0
scen2,ed_port_scen1,420.0,480.0,1187557612,10.44,9.07,4.78,17.0,18.0
scen2,ed_port_scen1,420.0,480.0,1211925690,10.25,3.88,6.35,16.0,16.0
scen2,ed_port_scen1,420.0,480.0,22689399#1,9.41,1.59,6.74,16.0,15.0
scen2,ed_port_scen1,420.0,480.0,22689399#2,2.19,0.5,28.48,15.0,15.0
scen2,ed_port_scen1,420.0,480.0,22689399#3,1.05,3.8,64.02,15.0,16.0
scen2,ed_port_scen1,420.0,480.0,22690115,13.33,58.28,5.72,18.0,18.0
scen2,ed_port_scen1,420.0,480.0,22690125#0,10.47,9.56,7.18,18.0,18.0
scen2,ed_port_scen1,420.0,480.0,22690125#1,10.55,9.64,7.06,18.0,19.0
scen2,ed_port_scen1,420.0,480.0,22690125#2,10.49,8.4,7.15,18.0,17.0
scen2,ed_port_scen1,420.0,480.0,22740417#0,10.48,0.22,4.31,18.0,17.0
scen2,ed_port_scen1,420.0,480.0,22740417#1,11.45,0.44,4.1,17.0,17.0
scen2,ed_port_scen1,420.0,480.0,22740417#5,10.58,0.25,4.55,18.0,18.0
scen2,ed_port_scen1,420.0,480.0,22740434#0,13.38,13.57,3.84,17.0,19.0
scen2,ed_port_scen1,420.0,480.0,22740434#1,13.35,1.87,3.81,19.0,18.0
scen2,ed_port_scen1,420.0,480.0,22740446#5,9.84,3.26,5.59,19.0,21.0
scen2,ed_port_scen1,420.0,480.0,559367542,6.98,9.23,10.5,0.0,18.0
scen2,ed_port_scen1,420.0,480.0,657270567#0,10.25,5.25,5.26,20.0,19.0
scen2,ed_port_scen1,420.0,480.0,657270567#1,10.35,20.36,5.3,19.0,19.0
scen2,ed_port_scen1,420.0,480.0,657270567#2,10.33,24.67,4.61,19.0,16.0
scen2,ed_port_scen1,420.0,480.0,668507066#0,13.12,1.44,3.76,17.0,19.0
scen2,ed_port_scen1,420.0,480.0,668507066#1,13.32,3.11,3.78,19.0,19.0
scen2,ed_port_scen1,420.0,480.0,668507066#2,13.17,11.35,3.65,19.0,17.0
scen2,ed_port_scen1,420.0,480.0,669284456,4.5,12.16,16.32,17.0,18.0
scen2,ed_port_scen1,420.0,480.0,669284459,8.5,8.46,14.8,16.0,16.0
scen2,ed_port_scen1,420.0,480.0,669284465,9.37,4.96,6.95,16.0,16.0
scen2,ed_port_scen1,420.0,480.0,669871305#0,4.97,0.04,0.75,4.0,4.0
scen2,ed_port_scen1,420.0,480.0,669871305#1,5.1,13.98,0.39,4.0,1.0
scen2,ed_port_scen1,420.0,480.0,669871307#0,5.0,0.04,1.39,5.0,5.0
scen2,ed_port_scen1,420.0,480.0,669871307#1,4.95,28.41,1.41,5.0,5.0
scen2,ed_port_scen1,420.0,480.0,669871307#2,5.13,7.45,1.35,5.0,5.0
scen2,ed_port_scen1,420.0,480.0,671267430,0.65,11.53,0.1,1.0,0.0
scen2,ed_port_scen1,420.0,480.0,92848439#0,10.21,3.25,4.89,17.0,18.0
scen2,ed_port_scen1,420.0,480.0,92848439#1,10.08,0.74,5.24,19.0,19.0
scen2,ed_port_scen1,420.0,480.0,92848439#2,9.42,2.87,5.68,19.0,19.0
scen2,ed_port_scen1,420.0,480.0,92848448#0,4.15,5.44,37.52,18.0,18.0
scen2,ed_port_scen1,420.0,480.0,92848448#1,3.83,32.99,35.07,18.0,15.0
scen2,ed_port_scen1,420.0,480.0,92848448#1.170,4.36,25.86,30.03,15.0,17.0
scen2,ed_port_scen1,420.0,480.0,92848448#1.291,4.46,3.12,30.22,17.0,16.0
scen2,ed_port_scen1,420.0,480.0,92848448#1.312,4.28,21.04,22.28,15.0,8.0
scen2,ed_port_scen1,420.0,480.0,92848448#2,4.34,5.31,12.35,8.0,6.0
scen2,ed_port_scen1,420.0,480.0,92848448#2.33,4.59,17.71,10.07,5.0,5.0
scen2,ed_port_scen1,420.0,480.0,92848448#3,4.87,0.04,6.28,4.0,4.0
scen2,ed_port_scen1,420.0,480.0,E11,3.56,0.9,37.92,16.0,16.0
scen2,ed_port_scen1,420.0,480.0,E12,4.53,6.28,27.87,15.0,15.0
scen2,ed_port_scen1,420.0,480.0,E13,4.43,0.68,28.71,15.0,15.0
scen2,ed_port_scen1,480.0,540.0,1187557611,12.81,3.79,5.84,18.0,17.0
scen2,ed_port_scen1,480.0,540.0,1187557612,9.98,9.48,5.09,19.0,19.0
scen2,ed_port_scen1,480.0,540.0,1211925684,13.31,2.89,0.63,3.0,3.0
scen2,ed_port_scen1,480.0,540.0,1211925685,7.88,0.68,3.66,14.0,14.0
scen2,ed_port_scen1,480.0,540.0,1211925690,9.9,3.91,6.79,16.0,17.0
scen2,ed_port_scen1,480.0,540.0,1443544287#0,13.34,0.78,1.25,4.0,4.0
scen2,ed_port_scen1,480.0,540.0,1443544287#1,13.44,3.25,0.81,4.0,3.0
scen2,ed_port_scen1,480.0,540.0,22689399#1,8.26,1.68,2.18,4.0,5.0
scen2,ed_port_scen1,480.0,540.0,22689399#2,2.74,0.47,11.24,7.0,7.0
scen2,ed_port_scen1,480.0,540.0,22689399#3,5.44,0.04,7.47,9.0,9.0
scen2,ed_port_scen1,480.0,540.0,22690115,13.33,58.29,5.61,18.0,19.0
scen2,ed_port_scen1,480.0,540.0,22690125#0,10.7,9.35,7.13,18.0,19.0
scen2,ed_port_scen1,480.0,540.0,22690125#1,10.58,9.61,7.36,19.0,18.0
scen2,ed_port_scen1,480.0,540.0,22690125#2,10.67,8.26,7.22,19.0,19.0
scen2,ed_port_scen1,480.0,540.0,22740417#0,10.83,0.21,4.61,18.0,19.0
scen2,ed_port_scen1,480.0,540.0,22740417#1,7.37,0.73,7.23,19.0,17.0
scen2,ed_port_scen1,480.0,540.0,22740417#5,11.03,0.24,4.43,18.0,18.0
scen2,ed_port_scen1,480.0,540.0,22740434#0,13.18,13.78,3.66,17.0,17.0
scen2,ed_port_scen1,480.0,540.0,22740434#1,13.42,1.86,3.66,17.0,18.0
scen2,ed_port_scen1,480.0,540.0,22740446#5,10.49,3.06,4.38,17.0,16.0
scen2,ed_port_scen1,480.0,540.0,542415702,13.43,4.5,1.14,6.0,5.0
scen2,ed_port_scen1,480.0,540.0,542415708#0,11.32,0.02,3.68,10.0,10.0
scen2,ed_port_scen1,480.0,540.0,542415708#1,12.52,0.64,3.3,10.0,10.0
scen2,ed_port_scen1,480.0,540.0,542415708#2,12.88,2.0,2.81,9.0,8.0
scen2,ed_port_scen1,480.0,540.0,542415708#3,9.77,0.38,3.16,8.0,7.0
scen2,ed_port_scen1,480.0,540.0,542415708#4,9.65,0.02,3.02,7.0,7.0
scen2,ed_port_scen1,480.0,540.0,542415708#6,11.32,0.22,3.68,10.0,10.0
scen2,ed_port_scen1,480.0,540.0,559367542,6.97,9.24,10.42,0.0,18.0
scen2,ed_port_scen1,480.0,540.0,626699047,12.74,3.73,11.71,19.0,17.0
scen2,ed_port_scen1,480.0,540.0,626699047.59,13.44,0.4,9.93,17.0,16.0
scen2,ed_port_scen1,480.0,540.0,626699047.67,12.6,3.36,10.21,16.0,15.0
scen2,ed_port_scen1,480.0,540.0,657270567#0,10.57,5.08,4.38,16.0,17.0
scen2,ed_port_scen1,480.0,540.0,657270567#1,10.44,20.19,4.82,16.0,20.0
scen2,ed_port_scen1,480.0,540.0,657270567#2,10.15,25.15,5.22,19.0,19.0
scen2,ed_port_scen1,480.0,540.0,668507066#0,13.15,1.44,4.0,19.0,19.0
scen2,ed_port_scen1,480.0,540.0,668507066#1,13.34,3.1,3.95,18.0,19.0
scen2,ed_port_scen1,480.0,540.0,668507066#2,13.15,11.35,3.9,18.0,19.0
scen2,ed_port_scen1,480.0,540.0,669284456,4.5,12.25,15.96,16.0,18.0
scen2,ed_port_scen1,480.0,540.0,669284459,8.83,8.2,10.53,10.0,12.0
scen2,ed_port_scen1,480.0,540.0,669284462,10.88,6.38,4.51,13.0,11.0
scen2,ed_port_scen1,480.0,540.0,669284465,9.54,4.87,0.84,0.0,3.0
scen2,ed_port_scen1,480.0,540.0,669871305#0,4.82,0.04,0.96,5.0,5.0
scen2,ed_port_scen1,480.0,540.0,669871305#1,5.02,14.19,0.86,5.0,5.0
scen2,ed_port_scen1,480.0,540.0,669871307#0,4.49,0.04,4.95,16.0,16.0
scen2,ed_port_scen1,480.0,540.0,669871307#1,4.8,29.23,3.04,16.0,6.0
scen2,ed_port_scen1,480.0,540.0,669871307#2,4.89,7.77,1.31,6.0,4.0
scen2,ed_port_scen1,480.0,540.0,671267430,0.53,14.12,3.76,4.0,5.0
scen2,ed_port_scen1,480.0,540.0,92848439#0,10.38,3.19,4.58,18.0,16.0
scen2,ed_port_scen1,480.0,540.0,92848439#1,10.36,0.72,4.28,16.0,16.0
scen2,ed_port_scen1,480.0,540.0,92848439#2,9.51,2.82,4.77,15.0,17.0
scen2,ed_port_scen1,480.0,540.0,92848448#0,4.4,5.16,32.86,18.0,17.0
scen2,ed_port_scen1,480.0,540.0,92848448#1,4.07,31.08,35.87,17.0,19.0
scen2,ed_port_scen1,480.0,540.0,92848448#1.170,4.33,26.0,34.31,19.0,16.0
scen2,ed_port_scen1,480.0,540.0,92848448#1.291,4.18,3.35,30.73,16.0,15.0
scen2,ed_port_scen1,480.0,540.0,92848448#1.312,4.23,21.3,29.88,15.0,15.0
scen2,ed_port_scen1,480.0,540.0,92848448#2,4.19,5.46,29.8,14.0,15.0
scen2,ed_port_scen1,480.0,540.0,92848448#2.33,4.14,19.59,31.05,15.0,17.0
scen2,ed_port_scen1,480.0,540.0,92848448#3,4.26,0.05,32.12,17.0,17.0
scen2,ed_port_scen1,480.0,540.0,E11,3.71,0.84,43.78,18.0,18.0
scen2,ed_port_scen1,480.0,540.0,E12,4.51,6.46,33.98,19.0,19.0
scen2,ed_port_scen1,480.0,540.0,E13,4.75,0.59,32.48,19.0,19.0
scen2,ed_port_scen1,540.0,600.0,1187557611,12.83,3.79,5.81,18.0,19.0
scen2,ed_port_scen1,540.0,600.0,1187557612,10.39,9.08,4.88,18.0,18.0
scen2,ed_port_scen1,540.0,600.0,1211925684,13.45,2.85,3.88,20.0,18.0
scen2,ed_port_scen1,540.0,600.0,1211925685,7.6,0.72,4.07,15.0,15.0
scen2,ed_port_scen1,540.0,600.0,1211925690,10.19,3.73,7.04,18.0,17.0
scen2,ed_port_scen1,540.0,600.0,1443544287#0,13.33,0.78,6.36,21.0,20.0
scen2,ed_port_scen1,540.0,600.0,1443544287#1,13.4,3.27,4.01,20.0,20.0
scen2,ed_port_scen1,540.0,600.0,22690115,13.27,58.61,5.66,18.0,17.0
scen2,ed_port_scen1,540.0,600.0,22690125#0,11.06,9.05,6.76,18.0,18.0
scen2,ed_port_scen1,540.0,600.0,22690125#1,10.97,9.28,6.78,17.0,18.0
scen2,ed_port_scen1,540.0,600.0,22690125#2,10.98,8.01,6.89,18.0,19.0
scen2,ed_port_scen1,540.0,600.0,22740417#0,8.87,0.25,5.76,19.0,19.0
scen2,ed_port_scen1,540.0,600.0,22740417#1,5.65,1.0,11.39,19.0,20.0
scen2,ed_port_scen1,540.0,600.0,22740417#5,9.37,0.27,5.44,19.0,19.0
scen2,ed_port_scen1,540.0,600.0,22740434#0,13.01,13.96,4.12,20.0,19.0
scen2,ed_port_scen1,540.0,600.0,22740434#1,13.39,1.86,3.87,19.0,18.0
scen2,ed_port_scen1,540.0,600.0,22740446#5,10.08,3.18,5.05,19.0,18.0
scen2,ed_port_scen1,540.0,600.0,542415702,12.96,4.68,4.39,21.0,20.0
scen2,ed_port_scen1,540.0,600.0,542415708#0,11.83,0.02,6.69,19.0,19.0
scen2,ed_port_scen1,540.0,600.0,542415708#1,12.88,0.62,6.1,19.0,19.0
scen2,ed_port_scen1,540.0,600.0,542415708#2,13.0,1.97,6.36,20.0,20.0
scen2,ed_port_scen1,540.0,600.0,542415708#3,6.67,0.56,12.91,20.0,21.0
scen2,ed_port_scen1,540.0,600.0,542415708#4,5.01,0.27,17.07,21.0,21.0
scen2,ed_port_scen1,540.0,600.0,542415708#6,11.74,0.21,6.74,19.0,19.0
scen2,ed_port_scen1,540.0,600.0,559367542,7.15,8.99,10.57,0.0,18.0
scen2,ed_port_scen1,540.0,600.0,626699047,12.87,3.69,8.36,12.0,14.0
scen2,ed_port_scen1,540.0,600.0,626699047.59,13.27,0.4,9.43,14.0,15.0
scen2,ed_port_scen1,540.0,600.0,626699047.67,12.53,3.36,9.56,15.0,14.0
scen2,ed_port_scen1,540.0,600.0,657270567#0,9.77,5.5,5.41,19.0,19.0
scen2,ed_port_scen1,540.0,600.0,657270567#1,9.54,22.09,4.9,20.0,16.0
scen2,ed_port_scen1,540.0,600.0,657270567#2,9.73,26.25,4.4,17.0,12.0
scen2,ed_port_scen1,540.0,600.0,668507066#0,13.2,1.43,3.69,18.0,17.0
scen2,ed_port_scen1,540.0,600.0,668507066#1,13.38,3.09,3.54,17.0,17.0
scen2,ed_port_scen1,540.0,600.0,668507066#2,13.14,11.38,3.86,18.0,18.0
scen2,ed_port_scen1,540.0,600.0,669284456,4.65,11.87,14.76,17.0,15.0
scen2,ed_port_scen1,540.0,600.0,669284462,11.01,6.3,6.42,16.0,18.0
scen2,ed_port_scen1,540.0,600.0,669871305#0,4.38,0.05,3.17,15.0,15.0
scen2,ed_port_scen1,540.0,600.0,669871305#1,3.75,18.82,3.22,15.0,11.0
scen2,ed_port_scen1,540.0,600.0,669871307#0,4.22,0.05,4.71,15.0,15.0
scen2,ed_port_scen1,540.0,600.0,669871307#1,4.01,34.99,4.82,14.0,13.0
scen2,ed_port_scen1,540.0,600.0,669871307#2,4.31,8.92,4.64,13.0,15.0
scen2,ed_port_scen1,540.0,600.0,671267430,1.11,6.76,28.63,10.0,9.0
scen2,ed_port_scen1,540.0,600.0,92848439#0,10.38,3.19,4.92,19.0,19.0
scen2,ed_port_scen1,540.0,600.0,92848439#1,10.2,0.73,5.16,19.0,19.0
scen2,ed_port_scen1,540.0,600.0,92848439#2,9.66,2.78,5.35,19.0,18.0
scen2,ed_port_scen1,540.0,600.0,92848448#0,4.5,5.03,28.24,16.0,16.0
scen2,ed_port_scen1,540.0,600.0,92848448#1,4.29,29.43,29.26,15.0,15.0
scen2,ed_port_scen1,540.0,600.0,92848448#1.170,4.35,25.9,33.99,18.0,18.0
scen2,ed_port_scen1,540.0,600.0,92848448#1.291,4.21,3.3,34.69,17.0,18.0
scen2,ed_port_scen1,540.0,600.0,92848448#1.312,4.21,21.38,37.52,18.0,20.0
scen2,ed_port_scen1,540.0,600.0,92848448#2,4.18,5.49,40.11,20.0,20.0
scen2,ed_port_scen1,540.0,600.0,92848448#2.33,4.2,19.32,35.24,20.0,15.0
scen2,ed_port_scen1,540.0,600.0,92848448#3,4.18,0.05,30.49,15.0,15.0
scen2,ed_port_scen1,540.0,600.0,E11,3.72,0.84,37.42,16.0,16.0
scen2,ed_port_scen1,540.0,600.0,E12,4.94,5.73,27.79,16.0,18.0
scen2,ed_port_scen1,540.0,600.0,E13,4.58,0.62,31.0,18.0,18.0
scen2,ed_port_scen1,600.0,660.0,1187557611,12.85,3.78,5.14,16.0,16.0
scen2,ed_port_scen1,600.0,660.0,1187557612,10.49,9.02,4.64,17.0,17.0
scen2,ed_port_scen1,600.0,660.0,1211925684,13.35,2.88,3.37,16.0,16.0
scen2,ed_port_scen1,600.0,660.0,1211925685,7.76,0.7,5.06,19.0,19.0
scen2,ed_port_scen1,600.0,660.0,1211925690,10.14,3.77,6.42,16.0,15.0
scen2,ed_port_scen1,600.0,660.0,1443544287#0,13.4,0.77,4.67,15.0,15.0
scen2,ed_port_scen1,600.0,660.0,1443544287#1,13.38,3.27,3.26,15.0,16.0
scen2,ed_port_scen1,600.0,660.0,22690115,13.31,58.38,5.71,18.0,19.0
scen2,ed_port_scen1,600.0,660.0,22690125#0,10.68,9.37,7.18,19.0,18.0
scen2,ed_port_scen1,600.0,660.0,22690125#1,10.67,9.53,7.32,19.0,19.0
scen2,ed_port_scen1,600.0,660.0,22690125#2,10.4,8.47,7.14,18.0,17.0
scen2,ed_port_scen1,600.0,660.0,22740417#0,5.91,0.4,7.07,17.0,16.0
scen2,ed_port_scen1,600.0,660.0,22740417#1,3.49,2.02,16.64,16.0,15.0
scen2,ed_port_scen1,600.0,660.0,22740417#5,6.16,0.36,8.0,17.0,17.0
scen2,ed_port_scen1,600.0,660.0,22740434#0,12.97,14.01,3.5,15.0,17.0
scen2,ed_port_scen1,600.0,660.0,22740434#1,13.37,1.87,3.38,16.0,17.0
scen2,ed_port_scen1,600.0,660.0,22740446#5,10.73,2.99,4.45,16.0,18.0
scen2,ed_port_scen1,600.0,660.0,542415702,13.38,4.52,3.2,15.0,16.0
scen2,ed_port_scen1,600.0,660.0,542415708#0,11.35,0.02,5.4,15.0,15.0
scen2,ed_port_scen1,600.0,660.0,542415708#1,12.55,0.64,4.96,15.0,15.0
scen2,ed_port_scen1,600.0,660.0,542415708#2,12.77,2.0,4.98,15.0,16.0
scen2,ed_port_scen1,600.0,660.0,542415708#3,8.3,0.47,7.96,16.0,16.0
scen2,ed_port_scen1,600.0,660.0,542415708#4,8.77,0.03,7.07,15.0,15.0
scen2,ed_port_scen1,600.0,660.0,542415708#6,11.27,0.22,5.55,15.0,15.0
scen2,ed_port_scen1,600.0,660.0,559367542,7.12,9.05,10.29,0.0,18.0
scen2,ed_port_scen1,600.0,660.0,626699047,12.9,3.67,12.2,19.0,19.0
scen2,ed_port_scen1,600.0,660.0,626699047.59,12.89,0.42,12.29,19.0,19.0
scen2,ed_port_scen1,600.0,660.0,626699047.67,10.95,3.83,15.07,19.0,20.0
scen2,ed_port_scen1,600.0,660.0,657270567#0,10.27,5.22,4.75,18.0,18.0
scen2,ed_port_scen1,600.0,660.0,657270567#1,9.8,21.5,5.75,18.0,21.0
scen2,ed_port_scen1,600.0,660.0,657270567#2,9.52,26.85,5.68,20.0,19.0
scen2,ed_port_scen1,600.0,660.0,668507066#0,12.75,1.49,3.61,17.0,17.0
scen2,ed_port_scen1,600.0,660.0,668507066#1,13.38,3.1,3.53,17.0,17.0
scen2,ed_port_scen1,600.0,660.0,668507066#2,13.09,11.43,3.55,17.0,17.0
scen2,ed_port_scen1,600.0,660.0,669284456,4.75,11.59,12.13,15.0,15.0
scen2,ed_port_scen1,600.0,660.0,669284462,10.87,6.4,6.28,18.0,15.0
scen2,ed_port_scen1,600.0,660.0,669871305#0,0.96,3.89,3.62,7.0,6.0
scen2,ed_port_scen1,600.0,660.0,669871305#1,0.87,77.57,5.84,6.0,4.0
scen2,ed_port_scen1,600.0,660.0,669871307#0,4.16,0.05,6.25,18.0,18.0
scen2,ed_port_scen1,600.0,660.0,669871307#1,3.45,40.01,7.08,19.0,15.0
scen2,ed_port_scen1,600.0,660.0,669871307#2,2.15,17.02,7.64,15.0,10.0
scen2,ed_port_scen1,600.0,660.0,671267430,1.22,6.13,21.4,4.0,5.0
scen2,ed_port_scen1,600.0,660.0,92848439#0,10.46,3.17,4.52,16.0,17.0
scen2,ed_port_scen1,600.0,660.0,92848439#1,10.45,0.71,4.55,17.0,17.0
scen2,ed_port_scen1,600.0,660.0,92848439#2,9.67,2.79,5.02,18.0,17.0
scen2,ed_port_scen1,600.0,660.0,92848448#0,4.61,4.91,27.83,15.0,15.0
scen2,ed_port_scen1,600.0,660.0,92848448#1,3.89,32.5,39.87,16.0,18.0
scen2,ed_port_scen1,600.0,660.0,92848448#1.170,4.58,24.59,28.13,15.0,16.0
scen2,ed_port_scen1,600.0,660.0,92848448#1.291,4.38,3.19,30.4,16.0,16.0
scen2,ed_port_scen1,600.0,660.0,92848448#1.312,4.21,21.29,30.81,16.0,17.0
scen2,ed_port_scen1,600.0,660.0,92848448#2,4.23,5.45,28.55,14.0,15.0
scen2,ed_port_scen1,600.0,660.0,92848448#2.33,4.08,19.8,36.07,16.0,18.0
scen2,ed_port_scen1,600.0,660.0,92848448#3,3.97,0.05,37.95,18.0,18.0
scen2,ed_port_scen1,600.0,660.0,E11,3.58,0.88,40.81,17.0,17.0
scen2,ed_port_scen1,600.0,660.0,E12,4.74,6.03,26.5,17.0,15.0
scen2,ed_port_scen1,600.0,660.0,E13,4.43,0.65,27.5,15.0,15.0
scen2,ed_port_scen1,600.0,660.0,E14,1.53,1.17,11.58,3.0,3.0
scen2,ed_port_scen1,600.0,660.0,E15,0.16,157.62,0.1,2.0,2.0
scen2,ed_port_scen1,660.0,720.0,1187557611,12.75,3.81,6.02,18.0,18.0
scen2,ed_port_scen1,660.0,720.0,1187557612,9.93,9.53,5.27,20.0,18.0
scen2,ed_port_scen1,660.0,720.0,1211925684,13.3,2.88,3.76,17.0,19.0
scen2,ed_port_scen1,660.0,720.0,1211925685,7.48,0.72,5.53,20.0,20.0
scen2,ed_port_scen1,660.0,720.0,1211925690,8.17,4.63,9.63,19.0,19.0
scen2,ed_port_scen1,660.0,720.0,1443544287#0,13.43,0.77,5.72,18.0,19.0
scen2,ed_port_scen1,660.0,720.0,1443544287#1,13.41,3.26,3.75,19.0,17.0
scen2,ed_port_scen1,660.0,720.0,22690115,13.35,58.2,5.71,19.0,18.0
scen2,ed_port_scen1,660.0,720.0,22690125#0,10.56,9.48,7.14,18.0,18.0
scen2,ed_port_scen1,660.0,720.0,22690125#1,10.62,9.58,6.76,18.0,16.0
scen2,ed_port_scen1,660.0,720.0,22690125#2,10.66,8.25,6.92,17.0,19.0
scen2,ed_port_scen1,660.0,720.0,22740417#0,5.12,0.37,9.12,18.0,19.0
scen2,ed_port_scen1,660.0,720.0,22740417#1,4.53,1.32,14.44,19.0,21.0
scen2,ed_port_scen1,660.0,720.0,22740417#5,6.12,0.42,8.02,18.0,18.0
scen2,ed_port_scen1,660.0,720.0,22740434#0,12.8,14.2,4.06,20.0,18.0
scen2,ed_port_scen1,660.0,720.0,22740434#1,13.16,1.9,3.81,19.0,18.0
scen2,ed_port_scen1,660.0,720.0,22740446#5,10.25,3.12,4.88,18.0,18.0
scen2,ed_port_scen1,660.0,720.0,542415702,12.83,4.73,3.76,17.0,17.0
scen2,ed_port_scen1,660.0,720.0,542415708#0,11.84,0.02,7.59,22.0,22.0
scen2,ed_port_scen1,660.0,720.0,542415708#1,12.79,0.62,7.13,22.0,22.0
scen2,ed_port_scen1,660.0,720.0,542415708#2,12.37,2.06,7.24,22.0,21.0
scen2,ed_port_scen1,660.0,720.0,542415708#3,4.27,0.73,20.58,19.0,18.0
scen2,ed_port_scen1,660.0,720.0,542415708#4,3.19,0.67,22.16,18.0,17.0
scen2,ed_port_scen1,660.0,720.0,542415708#6,11.72,0.21,7.81,22.0,22.0
scen2,ed_port_scen1,660.0,720.0,559367542,7.12,9.05,10.65,0.0,19.0
scen2,ed_port_scen1,660.0,720.0,626699047,12.89,3.68,11.58,18.0,18.0
scen2,ed_port_scen1,660.0,720.0,626699047.59,12.6,0.42,11.85,18.0,18.0
scen2,ed_port_scen1,660.0,720.0,626699047.67,10.44,4.02,14.43,18.0,19.0
scen2,ed_port_scen1,660.0,720.0,657270567#0,9.89,5.43,4.77,17.0,17.0
scen2,ed_port_scen1,660.0,720.0,657270567#1,9.46,22.26,4.29,17.0,15.0
scen2,ed_port_scen1,660.0,720.0,657270567#2,9.77,26.18,4.43,16.0,18.0
scen2,ed_port_scen1,660.0,720.0,668507066#0,12.86,1.47,4.07,18.0,19.0
scen2,ed_port_scen1,660.0,720.0,668507066#1,13.17,3.15,4.05,20.0,19.0
scen2,ed_port_scen1,660.0,720.0,668507066#2,12.97,11.51,4.16,19.0,20.0
scen2,ed_port_scen1,660.0,720.0,669284456,4.28,12.83,18.6,19.0,19.0
scen2,ed_port_scen1,660.0,720.0,669284462,10.51,6.63,8.38,20.0,22.0
scen2,ed_port_scen1,660.0,720.0,669871305#0,0.0,,5.5,0.0,0.0
scen2,ed_port_scen1,660.0,720.0,669871305#1,0.0,,7.38,0.0,0.0
scen2,ed_port_scen1,660.0,720.0,669871307#0,0.35,0.08,14.53,4.0,4.0
scen2,ed_port_scen1,660.0,720.0,669871307#1,0.09,1431.64,10.93,3.0,0.0
scen2,ed_port_scen1,660.0,720.0,669871307#2,0.0,,11.22,0.0,0.0
scen2,ed_port_scen1,660.0,720.0,92848439#0,10.85,3.06,4.47,18.0,18.0
scen2,ed_port_scen1,660.0,720.0,92848439#1,10.79,0.69,4.63,18.0,18.0
scen2,ed_port_scen1,660.0,720.0,92848439#2,9.58,2.81,5.24,18.0,18.0
scen2,ed_port_scen1,660.0,720.0,92848448#0,4.21,5.39,35.41,18.0,18.0
scen2,ed_port_scen1,660.0,720.0,92848448#1,4.09,30.94,29.7,18.0,14.0
scen2,ed_port_scen1,660.0,720.0,92848448#1.170,4.59,24.25,28.58,14.0,16.0
scen2,ed_port_scen1,660.0,720.0,92848448#1.291,3.19,4.29,40.93,16.0,16.0
scen2,ed_port_scen1,660.0,720.0,92848448#1.312,2.48,35.83,45.87,16.0,10.0
scen2,ed_port_scen1,660.0,720.0,92848448#2.33,4.14,19.69,3.18,0.0,4.0
scen2,ed_port_scen1,660.0,720.0,92848448#3,0.5,0.22,79.91,5.0,5.0
scen2,ed_port_scen1,660.0,720.0,E11,3.87,0.84,31.91,15.0,14.0
scen2,ed_port_scen1,660.0,720.0,E12,4.67,6.12,25.05,14.0,14.0
scen2,ed_port_scen1,660.0,720.0,E13,4.63,0.65,25.74,14.0,14.0
scen2,ed_port_scen1,660.0,720.0,E14,1.46,2.13,42.08,11.0,10.0
scen2,ed_port_scen1,660.0,720.0,E15,0.63,39.6,3.82,11.0,10.0
scen2,ed_port_scen1,720.0,780.0,1187557611,12.67,3.81,6.07,19.0,19.0
scen2,ed_port_scen1,720.0,780.0,1187557612,10.16,9.29,4.93,18.0,20.0
scen2,ed_port_scen1,720.0,780.0,1211925684,13.34,2.88,3.36,17.0,15.0
scen2,ed_port_scen1,720.0,780.0,1211925685,8.22,0.65,3.99,16.0,16.0
scen2,ed_port_scen1,720.0,780.0,1211925690,11.25,3.38,5.35,15.0,15.0
scen2,ed_port_scen1,720.0,780.0,1443544287#0,13.43,0.77,5.24,17.0,17.0
scen2,ed_port_scen1,720.0,780.0,1443544287#1,13.35,3.27,3.48,17.0,17.0
scen2,ed_port_scen1,720.0,780.0,22690115,13.36,58.17,5.77,18.0,18.0
scen2,ed_port_scen1,720.0,780.0,22690125#0,10.6,9.45,7.27,18.0,19.0
scen2,ed_port_scen1,720.0,780.0,22690125#1,10.62,9.58,7.34,19.0,19.0
scen2,ed_port_scen1,720.0,780.0,22690125#2,10.59,8.31,7.24,19.0,16.0
scen2,ed_port_scen1,720.0,780.0,22740417#0,11.08,0.2,4.53,19.0,19.0
scen2,ed_port_scen1,720.0,780.0,22740417#1,10.37,0.5,5.13,19.0,19.0
scen2,ed_port_scen1,720.0,780.0,22740417#5,11.47,0.23,4.51,19.0,19.0
scen2,ed_port_scen1,720.0,780.0,22740434#0,13.29,13.66,3.91,19.0,19.0
scen2,ed_port_scen1,720.0,780.0,22740434#1,13.44,1.86,3.86,18.0,18.0
scen2,ed_port_scen1,720.0,780.0,22740446#5,9.23,3.48,6.06,21.0,20.0
scen2,ed_port_scen1,720.0,780.0,542415702,12.71,4.78,3.92,19.0,18.0
scen2,ed_port_scen1,720.0,780.0,542415708#0,11.84,0.02,5.21,15.0,15.0
scen2,ed_port_scen1,720.0,780.0,542415708#1,12.86,0.62,4.5,14.0,14.0
scen2,ed_port_scen1,720.0,780.0,542415708#2,11.18,2.16,4.83,13.0,13.0
scen2,ed_port_scen1,720.0,780.0,542415708#3,3.06,1.06,22.91,15.0,16.0
scen2,ed_port_scen1,720.0,780.0,542415708#4,4.41,0.35,16.88,17.0,18.0
scen2,ed_port_scen1,720.0,780.0,542415708#6,11.89,0.21,5.26,15.0,15.0
scen2,ed_port_scen1,720.0,780.0,559367542,7.06,9.12,10.54,0.0,18.0
scen2,ed_port_scen1,720.0,780.0,626699047,12.88,3.67,11.19,19.0,17.0
scen2,ed_port_scen1,720.0,780.0,626699047.59,12.38,0.43,10.77,16.0,16.0
scen2,ed_port_scen1,720.0,780.0,626699047.67,10.59,3.98,12.57,16.0,16.0
scen2,ed_port_scen1,720.0,780.0,657270567#0,9.4,5.69,5.78,20.0,19.0
scen2,ed_port_scen1,720.0,780.0,657270567#1,8.85,23.85,5.93,19.0,15.0
scen2,ed_port_scen1,720.0,780.0,657270567#2,9.46,27.03,5.18,15.0,19.0
scen2,ed_port_scen1,720.0,780.0,668507066#0,13.11,1.44,3.81,18.0,18.0
scen2,ed_port_scen1,720.0,780.0,668507066#1,13.35,3.1,3.83,18.0,18.0
scen2,ed_port_scen1,720.0,780.0,668507066#2,13.16,11.35,3.84,18.0,18.0
scen2,ed_port_scen1,720.0,780.0,669284456,4.6,11.93,15.49,15.0,18.0
scen2,ed_port_scen1,720.0,780.0,669284462,11.27,6.17,5.48,16.0,15.0
scen2,ed_port_scen1,720.0,780.0,669871305#0,0.0,,5.5,0.0,0.0
scen2,ed_port_scen1,720.0,780.0,669871305#1,0.0,,7.38,0.0,0.0
scen2,ed_port_scen1,720.0,780.0,669871307#0,0.0,,16.67,0.0,0.0
scen2,ed_port_scen1,720.0,780.0,669871307#1,0.0,,11.11,0.0,0.0
scen2,ed_port_scen1,720.0,780.0,669871307#2,0.0,,11.22,0.0,0.0
scen2,ed_port_scen1,720.0,780.0,92848439#0,9.61,3.43,5.79,19.0,20.0
scen2,ed_port_scen1,720.0,780.0,92848439#1,9.15,0.81,6.07,20.0,20.0
scen2,ed_port_scen1,720.0,780.0,92848439#2,8.79,3.06,6.46,20.0,21.0
scen2,ed_port_scen1,720.0,780.0,92848448#0,4.29,5.24,36.61,19.0,19.0
scen2,ed_port_scen1,720.0,780.0,92848448#1,3.87,32.73,40.67,19.0,19.0
scen2,ed_port_scen1,720.0,780.0,92848448#1.170,2.9,38.06,39.13,18.0,11.0
scen2,ed_port_scen1,720.0,780.0,92848448#1.291,1.8,7.76,50.9,11.0,11.0
scen2,ed_port_scen1,720.0,780.0,92848448#1.312,1.91,46.72,50.18,11.0,12.0
scen2,ed_port_scen1,720.0,780.0,92848448#3,0.0,,100.0,0.0,0.0
scen2,ed_port_scen1,720.0,780.0,E11,3.73,0.84,44.0,18.0,19.0
scen2,ed_port_scen1,720.0,780.0,E12,4.35,6.62,34.5,19.0,18.0
scen2,ed_port_scen1,720.0,780.0,E13,4.15,0.67,34.51,18.0,18.0
scen2,ed_port_scen1,720.0,780.0,E14,1.92,2.33,56.16,11.0,12.0
scen2,ed_port_scen1,720.0,780.0,E15,1.15,21.86,10.97,11.0,12.0
scen2,ed_port_scen1,780.0,840.0,1187557611,12.78,3.78,5.46,17.0,17.0
scen2,ed_port_scen1,780.0,840.0,1187557612,9.9,9.58,4.82,17.0,17.0
scen2,ed_port_scen1,780.0,840.0,1211925684,13.0,2.92,3.8,17.0,19.0
scen2,ed_port_scen1,780.0,840.0,1211925685,7.65,0.7,4.06,15.0,15.0
scen2,ed_port_scen1,780.0,840.0,1211925690,7.33,5.21,11.21,19.0,20.0
scen2,ed_port_scen1,780.0,840.0,1443544287#0,13.45,0.77,4.64,15.0,15.0
scen2,ed_port_scen1,780.0,840.0,1443544287#1,13.39,3.27,3.35,15.0,17.0
scen2,ed_port_scen1,780.0,840.0,22690115,13.35,58.22,5.64,18.0,19.0
scen2,ed_port_scen1,780.0,840.0,22690125#0,10.41,9.61,7.34,19.0,18.0
scen2,ed_port_scen1,780.0,840.0,22690125#1,10.39,9.8,7.46,18.0,19.0
scen2,ed_port_scen1,780.0,840.0,22690125#2,10.31,8.55,7.52,18.0,20.0
scen2,ed_port_scen1,780.0,840.0,22740417#0,5.45,0.33,7.76,16.0,16.0
scen2,ed_port_scen1,780.0,840.0,22740417#1,3.83,1.74,15.27,16.0,15.0
scen2,ed_port_scen1,780.0,840.0,22740417#5,6.48,0.43,7.44,17.0,17.0
scen2,ed_port_scen1,780.0,840.0,22740434#0,13.06,13.91,3.25,16.0,15.0
scen2,ed_port_scen1,780.0,840.0,22740434#1,13.38,1.87,3.4,16.0,17.0
scen2,ed_port_scen1,780.0,840.0,22740446#5,10.37,3.1,4.8,18.0,18.0
scen2,ed_port_scen1,780.0,840.0,542415702,12.73,4.78,2.83,12.0,14.0
scen2,ed_port_scen1,780.0,840.0,542415708#0,11.67,0.02,4.44,13.0,13.0
scen2,ed_port_scen1,780.0,840.0,542415708#1,12.7,0.63,4.24,14.0,13.0
scen2,ed_port_scen1,780.0,840.0,542415708#2,12.45,2.04,4.48,14.0,14.0
scen2,ed_port_scen1,780.0,840.0,542415708#3,5.97,0.6,9.49,14.0,14.0
scen2,ed_port_scen1,780.0,840.0,542415708#4,3.55,0.36,13.37,13.0,13.0
scen2,ed_port_scen1,780.0,840.0,542415708#6,11.38,0.22,4.76,13.0,13.0
scen2,ed_port_scen1,780.0,840.0,559367542,7.02,9.19,10.26,0.0,18.0
scen2,ed_port_scen1,780.0,840.0,626699047,12.46,3.8,13.24,20.0,19.0
scen2,ed_port_scen1,780.0,840.0,626699047.59,11.92,0.45,13.31,19.0,19.0
scen2,ed_port_scen1,780.0,840.0,626699047.67,10.15,4.16,14.56,19.0,17.0
scen2,ed_port_scen1,780.0,840.0,657270567#0,10.18,5.28,5.05,18.0,19.0
scen2,ed_port_scen1,780.0,840.0,657270567#1,9.36,22.47,6.13,19.0,22.0
scen2,ed_port_scen1,780.0,840.0,657270567#2,8.45,30.3,6.83,22.0,20.0
scen2,ed_port_scen1,780.0,840.0,668507066#0,13.11,1.44,4.02,20.0,19.0
scen2,ed_port_scen1,780.0,840.0,668507066#1,13.37,3.1,3.92,19.0,19.0
scen2,ed_port_scen1,780.0,840.0,668507066#2,13.1,11.41,3.92,19.0,17.0
scen2,ed_port_scen1,780.0,840.0,669284456,4.17,13.14,17.96,20.0,16.0
scen2,ed_port_scen1,780.0,840.0,669284462,10.69,6.53,5.73,15.0,14.0
scen2,ed_port_scen1,780.0,840.0,669871305#0,0.0,,5.5,0.0,0.0
scen2,ed_port_scen1,780.0,840.0,669871305#1,0.0,,7.38,0.0,0.0
scen2,ed_port_scen1,780.0,840.0,669871307#0,0.0,,16.67,0.0,0.0
scen2,ed_port_scen1,780.0,840.0,669871307#1,0.0,,11.11,0.0,0.0
scen2,ed_port_scen1,780.0,840.0,669871307#2,0.0,,11.22,0.0,0.0
scen2,ed_port_scen1,780.0,840.0,92848439#0,10.37,3.2,4.42,17.0,16.0
scen2,ed_port_scen1,780.0,840.0,92848439#1,10.22,0.73,4.35,16.0,16.0
scen2,ed_port_scen1,780.0,840.0,92848439#2,9.56,2.83,4.95,16.0,17.0
scen2,ed_port_scen1,780.0,840.0,92848448#0,3.8,5.97,32.32,15.0,15.0
scen2,ed_port_scen1,780.0,840.0,92848448#1,2.58,48.51,42.44,14.0,12.0
scen2,ed_port_scen1,780.0,840.0,92848448#1.170,1.91,59.15,50.52,11.0,12.0
scen2,ed_port_scen1,780.0,840.0,92848448#1.291,1.95,7.41,50.35,12.0,11.0
scen2,ed_port_scen1,780.0,840.0,92848448#1.312,1.88,48.66,50.68,11.0,11.0
scen2,ed_port_scen1,780.0,840.0,92848448#3,0.0,,100.0,0.0,0.0
scen2,ed_port_scen1,780.0,840.0,E11,1.98,1.79,52.82,12.0,12.0
scen2,ed_port_scen1,780.0,840.0,E12,1.89,16.04,50.9,12.0,12.0
scen2,ed_port_scen1,780.0,840.0,E13,1.88,1.33,50.12,11.0,11.0
scen2,ed_port_scen1,780.0,840.0,E14,1.92,1.29,54.5,11.0,11.0
scen2,ed_port_scen1,780.0,840.0,E15,1.41,17.76,15.16,12.0,11.0
scen2,ed_port_scen1,840.0,900.0,1187557611,12.81,3.79,6.23,19.0,19.0
scen2,ed_port_scen1,840.0,900.0,1187557612,9.95,9.5,5.42,19.0,17.0
scen2,ed_port_scen1,840.0,900.0,1211925684,13.34,2.88,3.13,16.0,15.0
scen2,ed_port_scen1,840.0,900.0,1211925685,7.95,0.68,5.97,23.0,23.0
scen2,ed_port_scen1,840.0,900.0,1211925690,10.28,3.65,5.29,14.0,13.0
scen2,ed_port_scen1,840.0,900.0,1443544287#0,13.41,0.77,5.28,17.0,17.0
scen2,ed_port_scen1,840.0,900.0,1443544287#1,13.33,3.28,3.44,17.0,16.0
scen2,ed_port_scen1,840.0,900.0,22690115,13.36,58.16,5.46,18.0,17.0
scen2,ed_port_scen1,840.0,900.0,22690125#0,10.83,9.23,6.89,17.0,18.0
scen2,ed_port_scen1,840.0,900.0,22690125#1,10.73,9.48,6.94,18.0,18.0
scen2,ed_port_scen1,840.0,900.0,22690125#2,10.6,8.32,7.46,19.0,19.0
scen2,ed_port_scen1,840.0,900.0,22740417#0,4.2,0.5,11.37,19.0,19.0
scen2,ed_port_scen1,840.0,900.0,22740417#1,2.93,2.21,24.57,19.0,20.0
scen2,ed_port_scen1,840.0,900.0,22740417#5,5.31,0.41,9.68,18.0,18.0
scen2,ed_port_scen1,840.0,900.0,22740434#0,12.67,14.35,4.33,20.0,20.0
scen2,ed_port_scen1,840.0,900.0,22740434#1,13.4,1.86,4.05,20.0,19.0
scen2,ed_port_scen1,840.0,900.0,22740446#5,9.79,3.28,4.55,16.0,15.0
scen2,ed_port_scen1,840.0,900.0,542415702,12.48,4.87,4.14,20.0,18.0
scen2,ed_port_scen1,840.0,900.0,542415708#0,11.81,0.02,8.82,25.0,25.0
scen2,ed_port_scen1,840.0,900.0,542415708#1,10.69,0.68,9.78,25.0,25.0
scen2,ed_port_scen1,840.0,900.0,542415708#2,4.54,5.25,21.43,24.0,22.0
scen2,ed_port_scen1,840.0,900.0,542415708#3,2.85,1.32,32.01,21.0,21.0
scen2,ed_port_scen1,840.0,900.0,542415708#4,2.87,0.69,27.84,20.0,19.0
scen2,ed_port_scen1,840.0,900.0,542415708#6,11.83,0.21,8.88,26.0,25.0
scen2,ed_port_scen1,840.0,900.0,559367542,7.06,9.13,10.24,0.0,18.0
scen2,ed_port_scen1,840.0,900.0,626699047,12.02,3.91,12.91,17.0,20.0
scen2,ed_port_scen1,840.0,900.0,626699047.59,10.46,0.5,16.65,21.0,21.0
scen2,ed_port_scen1,840.0,900.0,626699047.67,8.72,4.84,20.24,21.0,21.0
scen2,ed_port_scen1,840.0,900.0,657270567#0,9.82,5.48,4.41,16.0,14.0
scen2,ed_port_scen1,840.0,900.0,657270567#1,9.98,21.09,4.07,14.0,15.0
scen2,ed_port_scen1,840.0,900.0,657270567#2,9.74,26.24,4.68,15.0,17.0
scen2,ed_port_scen1,840.0,900.0,668507066#0,12.74,1.48,3.8,17.0,17.0
scen2,ed_port_scen1,840.0,900.0,668507066#1,13.28,3.12,3.63,17.0,17.0
scen2,ed_port_scen1,840.0,900.0,668507066#2,13.06,11.43,3.81,17.0,19.0
scen2,ed_port_scen1,840.0,900.0,669284456,2.53,21.28,19.52,13.0,11.0
scen2,ed_port_scen1,840.0,900.0,669284462,11.23,6.21,9.18,24.0,25.0
scen2,ed_port_scen1,840.0,900.0,669871305#0,0.0,,5.5,0.0,0.0
scen2,ed_port_scen1,840.0,900.0,669871305#1,0.0,,7.38,0.0,0.0
scen2,ed_port_scen1,840.0,900.0,669871307#0,0.0,,16.67,0.0,0.0
scen2,ed_port_scen1,840.0,900.0,669871307#1,0.0,,11.11,0.0,0.0
scen2,ed_port_scen1,840.0,900.0,669871307#2,0.0,,11.22,0.0,0.0
scen2,ed_port_scen1,840.0,900.0,92848439#0,10.08,3.28,5.06,19.0,18.0
scen2,ed_port_scen1,840.0,900.0,92848439#1,9.81,0.76,5.09,18.0,18.0
scen2,ed_port_scen1,840.0,900.0,92848439#2,9.04,2.98,5.18,18.0,16.0
scen2,ed_port_scen1,840.0,900.0,92848448#0,1.9,12.11,50.67,11.0,11.0
scen2,ed_port_scen1,840.0,900.0,92848448#1,1.9,66.79,50.43,12.0,12.0
scen2,ed_port_scen1,840.0,900.0,92848448#1.170,1.88,59.8,50.57,12.0,11.0
scen2,ed_port_scen1,840.0,900.0,92848448#1.291,1.89,7.28,51.06,11.0,12.0
scen2,ed_port_scen1,840.0,900.0,92848448#1.312,1.83,48.94,51.13,12.0,12.0
scen2,ed_port_scen1,840.0,900.0,92848448#3,0.0,,100.0,0.0,0.0
scen2,ed_port_scen1,840.0,900.0,E11,1.93,1.64,50.29,12.0,12.0
scen2,ed_port_scen1,840.0,900.0,E12,1.93,15.74,50.77,11.0,11.0
scen2,ed_port_scen1,840.0,900.0,E13,1.89,1.15,52.99,12.0,12.0
scen2,ed_port_scen1,840.0,900.0,E14,1.82,2.25,44.56,12.0,12.0
scen2,ed_port_scen1,840.0,900.0,E15,1.45,17.29,21.52,11.0,11.0
scen2,ed_port_scen1,900.0,960.0,1187557611,12.97,3.74,5.91,19.0,19.0
scen2,ed_port_scen1,900.0,960.0,1187557612,10.37,9.12,4.58,18.0,19.0
scen2,ed_port_scen1,900.0,960.0,1211925684,6.65,5.52,6.38,16.0,14.0
scen2,ed_port_scen1,900.0,960.0,1211925685,6.57,0.84,4.1,13.0,13.0
scen2,ed_port_scen1,900.0,960.0,1211925690,2.16,18.3,23.99,14.0,12.0
scen2,ed_port_scen1,900.0,960.0,1443544287#0,13.4,0.77,4.96,16.0,16.0
scen2,ed_port_scen1,900.0,960.0,1443544287#1,13.34,3.27,3.3,16.0,16.0
scen2,ed_port_scen1,900.0,960.0,22690115,13.21,58.85,5.6,17.0,18.0
scen2,ed_port_scen1,900.0,960.0,22690125#0,10.77,9.29,6.82,18.0,18.0
scen2,ed_port_scen1,900.0,960.0,22690125#1,10.72,9.49,6.72,18.0,17.0
scen2,ed_port_scen1,900.0,960.0,22690125#2,10.74,8.21,6.47,17.0,16.0
scen2,ed_port_scen1,900.0,960.0,22740417#0,6.78,0.31,7.3,19.0,19.0
scen2,ed_port_scen1,900.0,960.0,22740417#1,3.45,1.74,19.38,19.0,19.0
scen2,ed_port_scen1,900.0,960.0,22740417#5,7.8,0.28,6.99,19.0,19.0
scen2,ed_port_scen1,900.0,960.0,22740434#0,12.66,14.36,4.13,19.0,19.0
scen2,ed_port_scen1,900.0,960.0,22740434#1,13.37,1.87,3.93,19.0,19.0
scen2,ed_port_scen1,900.0,960.0,22740446#5,10.02,3.2,5.47,20.0,20.0
scen2,ed_port_scen1,900.0,960.0,542415702,12.19,5.0,3.65,16.0,16.0
scen2,ed_port_scen1,900.0,960.0,542415708#0,12.5,0.02,5.33,16.0,16.0
scen2,ed_port_scen1,900.0,960.0,542415708#1,12.8,0.61,5.22,16.0,16.0
scen2,ed_port_scen1,900.0,960.0,542415708#2,2.35,10.0,31.44,16.0,17.0
scen2,ed_port_scen1,900.0,960.0,542415708#3,1.53,1.78,52.45,17.0,15.0
scen2,ed_port_scen1,900.0,960.0,542415708#4,1.26,2.78,56.72,17.0,17.0
scen2,ed_port_scen1,900.0,960.0,542415708#6,12.43,0.2,5.3,15.0,16.0
scen2,ed_port_scen1,900.0,960.0,559367542,6.91,9.31,10.37,0.0,17.0
scen2,ed_port_scen1,900.0,960.0,626699047,12.72,3.73,9.18,15.0,13.0
scen2,ed_port_scen1,900.0,960.0,626699047.59,13.34,0.4,7.58,13.0,12.0
scen2,ed_port_scen1,900.0,960.0,626699047.67,12.0,3.5,8.68,12.0,13.0
scen2,ed_port_scen1,900.0,960.0,657270567#0,9.63,5.57,5.67,20.0,21.0
scen2,ed_port_scen1,900.0,960.0,657270567#1,9.55,22.07,5.75,21.0,22.0
scen2,ed_port_scen1,900.0,960.0,657270567#2,9.27,27.56,5.46,22.0,15.0
scen2,ed_port_scen1,900.0,960.0,668507066#0,13.1,1.44,3.92,18.0,19.0
scen2,ed_port_scen1,900.0,960.0,668507066#1,13.34,3.1,3.67,18.0,18.0
scen2,ed_port_scen1,900.0,960.0,668507066#2,13.06,11.44,3.79,18.0,18.0
scen2,ed_port_scen1,900.0,960.0,669284456,1.83,30.01,25.57,11.0,12.0
scen2,ed_port_scen1,900.0,960.0,669284462,10.87,6.4,5.15,13.0,15.0
scen2,ed_port_scen1,900.0,960.0,669871305#0,0.0,111.73,4.99,1.0,1.0
scen2,ed_port_scen1,900.0,960.0,669871305#1,0.08,919.39,7.17,1.0,0.0
scen2,ed_port_scen1,900.0,960.0,669871307#0,0.0,,16.67,0.0,0.0
scen2,ed_port_scen1,900.0,960.0,669871307#1,0.07,2165.55,10.99,0.0,1.0
scen2,ed_port_scen1,900.0,960.0,669871307#2,0.12,293.63,10.96,1.0,1.0
scen2,ed_port_scen1,900.0,960.0,671267430,0.03,260.75,8.63,1.0,0.0
scen2,ed_port_scen1,900.0,960.0,92848439#0,10.5,3.16,4.94,18.0,19.0
scen2,ed_port_scen1,900.0,960.0,92848439#1,10.38,0.72,5.02,19.0,19.0
scen2,ed_port_scen1,900.0,960.0,92848439#2,9.36,2.87,5.76,18.0,20.0
scen2,ed_port_scen1,900.0,960.0,92848448#0,1.82,12.47,50.66,12.0,11.0
scen2,ed_port_scen1,900.0,960.0,92848448#1,1.88,67.38,50.72,11.0,11.0
scen2,ed_port_scen1,900.0,960.0,92848448#1.170,1.93,58.61,50.25,12.0,12.0
scen2,ed_port_scen1,900.0,960.0,92848448#1.291,1.94,7.39,49.99,12.0,11.0
scen2,ed_port_scen1,900.0,960.0,92848448#1.312,1.93,46.53,50.21,11.0,12.0
scen2,ed_port_scen1,900.0,960.0,92848448#3,0.0,,100.0,0.0,0.0
scen2,ed_port_scen1,900.0,960.0,E11,1.94,1.73,52.0,12.0,11.0
scen2,ed_port_scen1,900.0,960.0,E12,1.92,15.69,50.82,12.0,12.0
scen2,ed_port_scen1,900.0,960.0,E13,1.84,1.28,52.51,12.0,11.0
scen2,ed_port_scen1,900.0,960.0,E14,2.06,1.85,54.95,12.0,12.0
scen2,ed_port_scen1,900.0,960.0,E15,1.62,15.48,28.06,12.0,11.0
scen2,ed_port_scen1,960.0,1020.0,1187557611,12.89,3.77,6.19,19.0,19.0
scen2,ed_port_scen1,960.0,1020.0,1187557612,10.17,9.29,4.8,17.0,17.0
scen2,ed_port_scen1,960.0,1020.0,1211925684,2.05,19.92,21.71,16.0,12.0
scen2,ed_port_scen1,960.0,1020.0,1211925685,7.49,0.72,5.23,19.0,19.0
scen2,ed_port_scen1,960.0,1020.0,1211925690,1.55,26.66,31.84,13.0,12.0
scen2,ed_port_scen1,960.0,1020.0,1443544287#0,13.48,0.77,5.24,17.0,17.0
scen2,ed_port_scen1,960.0,1020.0,1443544287#1,6.87,4.98,6.81,17.0,17.0
scen2,ed_port_scen1,960.0,1020.0,22690115,13.24,58.69,5.5,18.0,18.0
scen2,ed_port_scen1,960.0,1020.0,22690125#0,9.92,10.09,7.31,18.0,17.0
scen2,ed_port_scen1,960.0,1020.0,22690125#1,10.06,10.11,7.21,17.0,17.0
scen2,ed_port_scen1,960.0,1020.0,22690125#2,10.35,8.53,6.73,17.0,16.0
scen2,ed_port_scen1,960.0,1020.0,22740417#0,10.92,0.2,3.47,17.0,16.0
scen2,ed_port_scen1,960.0,1020.0,22740417#1,6.78,0.91,8.25,16.0,16.0
scen2,ed_port_scen1,960.0,1020.0,22740417#5,10.95,0.25,3.91,17.0,17.0
scen2,ed_port_scen1,960.0,1020.0,22740434#0,13.25,13.7,3.7,16.0,18.0
scen2,ed_port_scen1,960.0,1020.0,22740434#1,13.43,1.86,3.83,18.0,19.0
scen2,ed_port_scen1,960.0,1020.0,22740446#5,10.18,3.15,5.06,18.0,19.0
scen2,ed_port_scen1,960.0,1020.0,542415702,12.19,5.0,3.63,16.0,16.0
scen2,ed_port_scen1,960.0,1020.0,542415708#0,11.42,0.02,6.93,19.0,19.0
scen2,ed_port_scen1,960.0,1020.0,542415708#1,12.06,0.65,6.7,19.0,20.0
scen2,ed_port_scen1,960.0,1020.0,542415708#2,3.42,6.61,22.37,19.0,17.0
scen2,ed_port_scen1,960.0,1020.0,542415708#3,1.62,1.8,48.37,15.0,17.0
scen2,ed_port_scen1,960.0,1020.0,542415708#4,1.53,2.19,43.31,15.0,16.0
scen2,ed_port_scen1,960.0,1020.0,542415708#6,11.41,0.22,6.94,19.0,19.0
scen2,ed_port_scen1,960.0,1020.0,559367542,7.1,9.07,10.1,0.0,18.0
scen2,ed_port_scen1,960.0,1020.0,626699047,12.61,3.74,13.44,21.0,21.0
scen2,ed_port_scen1,960.0,1020.0,626699047.59,11.79,0.45,14.67,20.0,21.0
scen2,ed_port_scen1,960.0,1020.0,626699047.67,10.0,4.22,17.14,21.0,20.0
scen2,ed_port_scen1,960.0,1020.0,657270567#0,10.01,5.36,5.46,19.0,20.0
scen2,ed_port_scen1,960.0,1020.0,657270567#1,9.21,22.89,5.65,19.0,18.0
scen2,ed_port_scen1,960.0,1020.0,657270567#2,9.05,28.28,5.73,18.0,21.0
scen2,ed_port_scen1,960.0,1020.0,668507066#0,13.17,1.43,3.37,16.0,16.0
scen2,ed_port_scen1,960.0,1020.0,668507066#1,13.32,3.11,3.65,17.0,18.0
scen2,ed_port_scen1,960.0,1020.0,668507066#2,13.18,11.33,3.62,17.0,17.0
scen2,ed_port_scen1,960.0,1020.0,669284456,1.9,29.12,25.29,12.0,11.0
scen2,ed_port_scen1,960.0,1020.0,669284462,10.71,6.48,7.33,19.0,19.0
scen2,ed_port_scen1,960.0,1020.0,669871305#0,0.0,,5.5,0.0,0.0
scen2,ed_port_scen1,960.0,1020.0,669871305#1,0.0,,7.03,0.0,0.0
scen2,ed_port_scen1,960.0,1020.0,669871307#0,0.09,0.3,15.68,1.0,1.0
scen2,ed_port_scen1,960.0,1020.0,669871307#1,0.06,2120.0,11.0,1.0,0.0
scen2,ed_port_scen1,960.0,1020.0,669871307#2,0.0,,11.22,0.0,0.0
scen2,ed_port_scen1,960.0,1020.0,671267430,0.0,,14.19,1.0,1.0
scen2,ed_port_scen1,960.0,1020.0,92848439#0,10.6,3.13,5.01,19.0,19.0
scen2,ed_port_scen1,960.0,1020.0,92848439#1,10.38,0.71,5.13,19.0,19.0
scen2,ed_port_scen1,960.0,1020.0,92848439#2,9.05,2.97,5.89,19.0,19.0
scen2,ed_port_scen1,960.0,1020.0,92848448#0,2.03,11.27,49.62,11.0,13.0
scen2,ed_port_scen1,960.0,1020.0,92848448#1,1.94,65.03,50.22,12.0,12.0
scen2,ed_port_scen1,960.0,1020.0,92848448#1.170,1.91,59.22,50.35,11.0,11.0
scen2,ed_port_scen1,960.0,1020.0,92848448#1.291,1.88,7.63,50.85,11.0,12.0
scen2,ed_port_scen1,960.0,1020.0,92848448#1.312,1.92,47.41,50.7,12.0,11.0
scen2,ed_port_scen1,960.0,1020.0,92848448#3,0.27,,28.03,0.0,0.0
scen2,ed_port_scen1,960.0,1020.0,E11,1.91,1.66,54.27,11.0,12.0
scen2,ed_port_scen1,960.0,1020.0,E12,1.9,16.14,50.92,11.0,11.0
scen2,ed_port_scen1,960.0,1020.0,E13,1.85,1.25,56.86,11.0,12.0
scen2,ed_port_scen1,960.0,1020.0,E14,1.73,1.55,51.48,11.0,11.0
scen2,ed_port_scen1,960.0,1020.0,E15,1.54,16.3,32.73,11.0,12.0
scen2,ed_port_scen1,1020.0,1080.0,1187557611,12.74,3.81,5.07,15.0,15.0
scen2,ed_port_scen1,1020.0,1080.0,1187557612,9.29,10.2,5.35,18.0,19.0
scen2,ed_port_scen1,1020.0,1080.0,1211925684,1.07,38.86,24.44,9.0,12.0
scen2,ed_port_scen1,1020.0,1080.0,1211925685,8.08,0.66,5.36,22.0,21.0
scen2,ed_port_scen1,1020.0,1080.0,1211925690,1.85,21.79,26.98,11.0,11.0
scen2,ed_port_scen1,1020.0,1080.0,1443544287#0,5.74,1.51,11.62,16.0,15.0
scen2,ed_port_scen1,1020.0,1080.0,1443544287#1,1.37,27.61,22.02,15.0,8.0
scen2,ed_port_scen1,1020.0,1080.0,22690115,13.29,58.49,5.59,18.0,16.0
scen2,ed_port_scen1,1020.0,1080.0,22690125#0,10.45,9.58,6.78,16.0,18.0
scen2,ed_port_scen1,1020.0,1080.0,22690125#1,10.33,9.85,7.22,18.0,18.0
scen2,ed_port_scen1,1020.0,1080.0,22690125#2,10.06,8.76,7.7,18.0,20.0
scen2,ed_port_scen1,1020.0,1080.0,22740417#0,6.27,0.32,7.61,18.0,19.0
scen2,ed_port_scen1,1020.0,1080.0,22740417#1,4.95,1.23,10.92,16.0,16.0
scen2,ed_port_scen1,1020.0,1080.0,22740417#5,7.16,0.36,7.03,18.0,18.0
scen2,ed_port_scen1,1020.0,1080.0,22740434#0,12.92,14.06,3.1,15.0,15.0
scen2,ed_port_scen1,1020.0,1080.0,22740434#1,13.32,1.87,3.13,15.0,15.0
scen2,ed_port_scen1,1020.0,1080.0,22740446#5,10.21,3.14,4.79,17.0,18.0
scen2,ed_port_scen1,1020.0,1080.0,542415702,12.16,4.95,4.2,19.0,19.0
scen2,ed_port_scen1,1020.0,1080.0,542415708#0,12.3,0.02,6.1,18.0,18.0
scen2,ed_port_scen1,1020.0,1080.0,542415708#1,11.34,0.67,6.6,18.0,18.0
scen2,ed_port_scen1,1020.0,1080.0,542415708#2,1.95,12.12,41.46,20.0,18.0
scen2,ed_port_scen1,1020.0,1080.0,542415708#3,1.85,1.77,47.22,19.0,18.0
scen2,ed_port_scen1,1020.0,1080.0,542415708#4,1.96,1.49,39.58,19.0,19.0
scen2,ed_port_scen1,1020.0,1080.0,542415708#6,12.27,0.2,6.1,18.0,18.0
scen2,ed_port_scen1,1020.0,1080.0,559367542,6.91,9.34,10.48,0.0,18.0
scen2,ed_port_scen1,1020.0,1080.0,626699047,12.93,3.66,12.7,20.0,19.0
scen2,ed_port_scen1,1020.0,1080.0,626699047.59,12.73,0.42,13.09,20.0,20.0
scen2,ed_port_scen1,1020.0,1080.0,626699047.67,10.68,3.93,16.3,20.0,22.0
scen2,ed_port_scen1,1020.0,1080.0,657270567#0,10.33,5.2,4.39,17.0,16.0
scen2,ed_port_scen1,1020.0,1080.0,657270567#1,10.16,20.75,4.57,16.0,18.0
scen2,ed_port_scen1,1020.0,1080.0,657270567#2,9.59,26.65,5.99,18.0,20.0
scen2,ed_port_scen1,1020.0,1080.0,668507066#0,12.56,1.51,4.19,19.0,19.0
scen2,ed_port_scen1,1020.0,1080.0,668507066#1,13.14,3.15,3.77,19.0,17.0
scen2,ed_port_scen1,1020.0,1080.0,668507066#2,12.81,11.63,3.74,18.0,18.0
scen2,ed_port_scen1,1020.0,1080.0,669284456,1.96,28.1,25.12,11.0,12.0
scen2,ed_port_scen1,1020.0,1080.0,669284462,11.11,6.26,7.3,21.0,18.0
scen2,ed_port_scen1,1020.0,1080.0,669871305#0,0.0,,5.5,0.0,0.0
scen2,ed_port_scen1,1020.0,1080.0,669871305#1,0.0,,7.03,0.0,0.0
scen2,ed_port_scen1,1020.0,1080.0,669871307#0,0.0,,16.67,0.0,0.0
scen2,ed_port_scen1,1020.0,1080.0,669871307#1,0.0,,11.11,0.0,0.0
scen2,ed_port_scen1,1020.0,1080.0,669871307#2,0.0,,11.22,0.0,0.0
scen2,ed_port_scen1,1020.0,1080.0,671267430,0.0,,14.19,0.0,0.0
scen2,ed_port_scen1,1020.0,1080.0,92848439#0,10.42,3.19,4.14,16.0,16.0
scen2,ed_port_scen1,1020.0,1080.0,92848439#1,10.42,0.72,4.25,16.0,16.0
scen2,ed_port_scen1,1020.0,1080.0,92848439#2,9.31,2.88,4.82,16.0,16.0
scen2,ed_port_scen1,1020.0,1080.0,92848448#0,1.83,12.44,50.68,12.0,11.0
scen2,ed_port_scen1,1020.0,1080.0,92848448#1,1.87,67.69,50.71,11.0,11.0
scen2,ed_port_scen1,1020.0,1080.0,92848448#1.170,1.89,59.35,50.55,11.0,12.0
scen2,ed_port_scen1,1020.0,1080.0,92848448#1.291,1.89,7.26,49.44,12.0,12.0
scen2,ed_port_scen1,1020.0,1080.0,92848448#1.312,1.84,48.49,50.86,11.0,11.0
scen2,ed_port_scen1,1020.0,1080.0,E11,1.87,1.99,48.97,11.0,11.0
scen2,ed_port_scen1,1020.0,1080.0,E12,1.92,15.76,50.8,12.0,12.0
scen2,ed_port_scen1,1020.0,1080.0,E13,1.9,1.38,51.33,12.0,11.0
scen2,ed_port_scen1,1020.0,1080.0,E14,1.77,2.72,47.36,11.0,11.0
scen2,ed_port_scen1,1020.0,1080.0,E15,1.53,16.36,39.51,11.0,10.0
scen2,ed_port_scen1,1080.0,1140.0,1187557611,12.21,3.94,6.52,20.0,19.0
scen2,ed_port_scen1,1080.0,1140.0,1187557612,10.11,9.37,4.7,17.0,16.0
scen2,ed_port_scen1,1080.0,1140.0,1211925684,1.69,23.49,24.97,17.0,12.0
scen2,ed_port_scen1,1080.0,1140.0,1211925685,7.68,0.69,4.58,16.0,17.0
scen2,ed_port_scen1,1080.0,1140.0,1211925690,1.47,27.99,30.74,12.0,11.0
scen2,ed_port_scen1,1080.0,1140.0,1443544287#0,4.74,2.51,18.78,18.0,19.0
scen2,ed_port_scen1,1080.0,1140.0,1443544287#1,2.51,17.34,21.75,18.0,17.0
scen2,ed_port_scen1,1080.0,1140.0,22690115,13.35,58.24,5.71,18.0,19.0
scen2,ed_port_scen1,1080.0,1140.0,22690125#0,10.68,9.36,7.25,19.0,17.0
scen2,ed_port_scen1,1080.0,1140.0,22690125#1,10.5,9.69,7.25,17.0,18.0
scen2,ed_port_scen1,1080.0,1140.0,22690125#2,10.54,8.36,7.25,18.0,19.0
scen2,ed_port_scen1,1080.0,1140.0,22740417#0,6.44,0.42,6.88,17.0,16.0
scen2,ed_port_scen1,1080.0,1140.0,22740417#1,5.02,1.28,13.23,19.0,19.0
scen2,ed_port_scen1,1080.0,1140.0,22740417#5,6.92,0.32,6.72,17.0,17.0
scen2,ed_port_scen1,1080.0,1140.0,22740434#0,12.95,14.02,4.46,20.0,21.0
scen2,ed_port_scen1,1080.0,1140.0,22740434#1,13.08,1.91,4.44,21.0,21.0
scen2,ed_port_scen1,1080.0,1140.0,22740446#5,8.51,3.77,5.44,18.0,16.0
scen2,ed_port_scen1,1080.0,1140.0,542415702,3.38,17.39,13.13,16.0,16.0
scen2,ed_port_scen1,1080.0,1140.0,542415708#0,11.24,0.02,6.3,17.0,17.0
scen2,ed_port_scen1,1080.0,1140.0,542415708#1,3.39,1.6,18.24,17.0,16.0
scen2,ed_port_scen1,1080.0,1140.0,542415708#2,1.07,23.95,56.2,13.0,15.0
scen2,ed_port_scen1,1080.0,1140.0,542415708#3,2.19,2.53,35.61,15.0,16.0
scen2,ed_port_scen1,1080.0,1140.0,542415708#4,2.77,0.43,23.31,16.0,16.0
scen2,ed_port_scen1,1080.0,1140.0,542415708#6,11.32,0.22,6.28,17.0,17.0
scen2,ed_port_scen1,1080.0,1140.0,559367542,7.01,9.17,10.7,0.0,18.0
scen2,ed_port_scen1,1080.0,1140.0,626699047,12.84,3.7,10.53,16.0,17.0
scen2,ed_port_scen1,1080.0,1140.0,626699047.59,13.39,0.4,9.97,16.0,16.0
scen2,ed_port_scen1,1080.0,1140.0,626699047.67,12.07,3.47,10.98,16.0,16.0
scen2,ed_port_scen1,1080.0,1140.0,657270567#0,9.25,5.79,4.9,16.0,16.0
scen2,ed_port_scen1,1080.0,1140.0,657270567#1,9.1,23.17,4.11,16.0,11.0
scen2,ed_port_scen1,1080.0,1140.0,657270567#2,9.65,26.5,3.88,11.0,16.0
scen2,ed_port_scen1,1080.0,1140.0,668507066#0,12.91,1.46,3.87,18.0,18.0
scen2,ed_port_scen1,1080.0,1140.0,668507066#1,13.14,3.16,3.92,18.0,19.0
scen2,ed_port_scen1,1080.0,1140.0,668507066#2,13.05,11.44,3.9,19.0,17.0
scen2,ed_port_scen1,1080.0,1140.0,669284456,1.91,28.71,25.16,12.0,11.0
scen2,ed_port_scen1,1080.0,1140.0,669284462,10.77,6.47,6.22,16.0,17.0
scen2,ed_port_scen1,1080.0,1140.0,669871305#0,0.0,,5.5,0.0,0.0
scen2,ed_port_scen1,1080.0,1140.0,669871305#1,0.0,,7.03,0.0,0.0
scen2,ed_port_scen1,1080.0,1140.0,669871307#0,0.0,,16.67,0.0,0.0
scen2,ed_port_scen1,1080.0,1140.0,669871307#1,0.0,,11.11,0.0,0.0
scen2,ed_port_scen1,1080.0,1140.0,669871307#2,0.0,,11.22,0.0,0.0
scen2,ed_port_scen1,1080.0,1140.0,671267430,0.0,,14.19,0.0,0.0
scen2,ed_port_scen1,1080.0,1140.0,92848439#0,9.29,3.56,5.82,19.0,19.0
scen2,ed_port_scen1,1080.0,1140.0,92848439#1,9.02,0.82,5.67,19.0,18.0
scen2,ed_port_scen1,1080.0,1140.0,92848439#2,8.62,3.12,5.89,19.0,18.0
scen2,ed_port_scen1,1080.0,1140.0,92848448#0,1.88,12.12,51.08,11.0,11.0
scen2,ed_port_scen1,1080.0,1140.0,92848448#1,1.76,72.16,51.42,11.0,12.0
scen2,ed_port_scen1,1080.0,1140.0,92848448#1.170,1.93,58.58,50.01,12.0,12.0
scen2,ed_port_scen1,1080.0,1140.0,92848448#1.291,1.77,7.6,28.06,5.0,6.0
scen2,ed_port_scen1,1080.0,1140.0,92848448#1.312,1.86,48.54,47.97,8.0,11.0
scen2,ed_port_scen1,1080.0,1140.0,E11,1.85,1.69,52.02,12.0,12.0
scen2,ed_port_scen1,1080.0,1140.0,E12,1.94,15.68,50.35,11.0,12.0
scen2,ed_port_scen1,1080.0,1140.0,E13,1.89,1.14,54.98,11.0,12.0
scen2,ed_port_scen1,1080.0,1140.0,E14,2.01,1.59,56.14,12.0,11.0
scen2,ed_port_scen1,1080.0,1140.0,E15,1.71,14.63,44.68,12.0,12.0
scen2,ed_port_scen1,1080.0,1140.0,E17,1.39,0.54,37.48,7.0,7.0
scen2,ed_port_scen1,1080.0,1140.0,E18,0.37,51.6,0.68,7.0,6.0
scen2,ed_port_scen1,1140.0,1200.0,1187557611,12.44,3.89,6.11,18.0,19.0
scen2,ed_port_scen1,1140.0,1200.0,1187557612,10.19,9.28,5.14,19.0,19.0
scen2,ed_port_scen1,1140.0,1200.0,1211925684,0.81,50.23,28.1,6.0,10.0
scen2,ed_port_scen1,1140.0,1200.0,1211925685,7.99,0.67,2.83,11.0,11.0
scen2,ed_port_scen1,1140.0,1200.0,1211925690,1.84,22.13,26.33,11.0,13.0
scen2,ed_port_scen1,1140.0,1200.0,1443544287#0,0.62,17.95,33.01,5.0,4.0
scen2,ed_port_scen1,1140.0,1200.0,1443544287#1,0.29,168.41,36.57,5.0,6.0
scen2,ed_port_scen1,1140.0,1200.0,22690115,13.36,58.2,5.69,18.0,19.0
scen2,ed_port_scen1,1140.0,1200.0,22690125#0,11.14,8.98,6.86,19.0,19.0
scen2,ed_port_scen1,1140.0,1200.0,22690125#1,11.02,9.24,7.04,19.0,19.0
scen2,ed_port_scen1,1140.0,1200.0,22690125#2,11.01,8.0,7.22,19.0,18.0
scen2,ed_port_scen1,1140.0,1200.0,22740417#0,10.47,0.21,4.55,18.0,19.0
scen2,ed_port_scen1,1140.0,1200.0,22740417#1,7.18,0.76,8.72,19.0,19.0
scen2,ed_port_scen1,1140.0,1200.0,22740417#5,10.76,0.25,4.36,18.0,18.0
scen2,ed_port_scen1,1140.0,1200.0,22740434#0,13.05,13.92,3.93,19.0,19.0
scen2,ed_port_scen1,1140.0,1200.0,22740434#1,13.2,1.89,3.8,18.0,18.0
scen2,ed_port_scen1,1140.0,1200.0,22740446#5,9.82,3.27,4.84,17.0,17.0
scen2,ed_port_scen1,1140.0,1200.0,542415702,2.1,26.2,13.79,13.0,7.0
scen2,ed_port_scen1,1140.0,1200.0,542415708#0,11.68,0.02,4.28,12.0,12.0
scen2,ed_port_scen1,1140.0,1200.0,542415708#1,8.28,0.93,6.16,12.0,12.0
scen2,ed_port_scen1,1140.0,1200.0,542415708#2,1.75,13.82,41.98,15.0,17.0
scen2,ed_port_scen1,1140.0,1200.0,542415708#3,1.41,2.94,49.82,16.0,14.0
scen2,ed_port_scen1,1140.0,1200.0,542415708#4,1.35,1.88,43.78,15.0,15.0
scen2,ed_port_scen1,1140.0,1200.0,542415708#6,11.71,0.21,4.28,12.0,12.0
scen2,ed_port_scen1,1140.0,1200.0,559367542,7.04,9.14,10.58,0.0,18.0
scen2,ed_port_scen1,1140.0,1200.0,626699047,12.26,3.88,8.4,12.0,12.0
scen2,ed_port_scen1,1140.0,1200.0,626699047.59,13.41,0.4,7.45,13.0,12.0
scen2,ed_port_scen1,1140.0,1200.0,626699047.67,12.84,3.3,7.33,12.0,11.0
scen2,ed_port_scen1,1140.0,1200.0,657270567#0,9.55,5.62,5.25,17.0,18.0
scen2,ed_port_scen1,1140.0,1200.0,657270567#1,8.65,24.33,7.12,19.0,24.0
scen2,ed_port_scen1,1140.0,1200.0,657270567#2,8.13,31.43,6.17,24.0,13.0
scen2,ed_port_scen1,1140.0,1200.0,668507066#0,12.83,1.47,4.33,20.0,20.0
scen2,ed_port_scen1,1140.0,1200.0,668507066#1,13.32,3.11,3.93,20.0,19.0
scen2,ed_port_scen1,1140.0,1200.0,668507066#2,13.11,11.38,3.82,19.0,19.0
scen2,ed_port_scen1,1140.0,1200.0,669284456,2.09,26.54,24.83,12.0,13.0
scen2,ed_port_scen1,1140.0,1200.0,669284462,11.07,6.27,4.27,11.0,12.0
scen2,ed_port_scen1,1140.0,1200.0,669871305#0,0.0,,5.5,0.0,0.0
scen2,ed_port_scen1,1140.0,1200.0,669871305#1,0.0,,7.03,0.0,0.0
scen2,ed_port_scen1,1140.0,1200.0,669871307#0,0.0,,16.67,0.0,0.0
scen2,ed_port_scen1,1140.0,1200.0,669871307#1,0.0,,11.11,0.0,0.0
scen2,ed_port_scen1,1140.0,1200.0,669871307#2,0.0,,11.22,0.0,0.0
scen2,ed_port_scen1,1140.0,1200.0,671267430,0.0,,14.19,0.0,0.0
scen2,ed_port_scen1,1140.0,1200.0,92848439#0,9.59,3.43,5.29,18.0,19.0
scen2,ed_port_scen1,1140.0,1200.0,92848439#1,9.29,0.8,5.6,19.0,19.0
scen2,ed_port_scen1,1140.0,1200.0,92848439#2,8.74,3.09,5.92,19.0,18.0
scen2,ed_port_scen1,1140.0,1200.0,92848448#0,2.21,10.5,48.4,13.0,13.0
scen2,ed_port_scen1,1140.0,1200.0,92848448#1,2.2,57.53,48.93,13.0,12.0
scen2,ed_port_scen1,1140.0,1200.0,92848448#1.170,2.01,56.74,50.11,12.0,12.0
scen2,ed_port_scen1,1140.0,1200.0,92848448#1.312,1.95,47.79,7.73,0.0,6.0
scen2,ed_port_scen1,1140.0,1200.0,E11,2.0,1.56,50.67,12.0,12.0
scen2,ed_port_scen1,1140.0,1200.0,E12,1.99,15.02,50.18,12.0,12.0
scen2,ed_port_scen1,1140.0,1200.0,E13,1.96,1.18,49.84,12.0,12.0
scen2,ed_port_scen1,1140.0,1200.0,E14,1.86,1.6,31.53,6.0,7.0
scen2,ed_port_scen1,1140.0,1200.0,E15,1.76,14.27,33.61,7.0,9.0
scen2,ed_port_scen1,1140.0,1200.0,E17,1.64,0.67,46.72,12.0,12.0
scen2,ed_port_scen1,1140.0,1200.0,E18,0.77,24.75,6.3,12.0,12.0
scen2,ed_port_scen1,1200.0,1260.0,1187557611,13.02,3.74,6.09,19.0,19.0
scen2,ed_port_scen1,1200.0,1260.0,1187557612,10.55,8.96,4.43,18.0,17.0
scen2,ed_port_scen1,1200.0,1260.0,1211925684,1.23,33.11,31.92,14.0,12.0
scen2,ed_port_scen1,1200.0,1260.0,1211925685,7.58,0.71,6.28,23.0,23.0
scen2,ed_port_scen1,1200.0,1260.0,1211925690,1.55,26.54,32.8,12.0,12.0
scen2,ed_port_scen1,1200.0,1260.0,1443544287#0,2.99,3.2,26.53,18.0,18.0
scen2,ed_port_scen1,1200.0,1260.0,1443544287#1,1.65,24.42,30.5,17.0,16.0
scen2,ed_port_scen1,1200.0,1260.0,22690115,13.33,58.27,5.53,18.0,18.0
scen2,ed_port_scen1,1200.0,1260.0,22690125#0,10.27,9.74,7.46,18.0,18.0
scen2,ed_port_scen1,1200.0,1260.0,22690125#1,10.25,9.93,7.13,18.0,18.0
scen2,ed_port_scen1,1200.0,1260.0,22690125#2,10.34,8.53,7.13,18.0,18.0
scen2,ed_port_scen1,1200.0,1260.0,22740417#0,9.98,0.21,4.5,17.0,17.0
scen2,ed_port_scen1,1200.0,1260.0,22740417#1,5.7,0.95,9.65,17.0,17.0
scen2,ed_port_scen1,1200.0,1260.0,22740417#5,11.1,0.24,4.21,17.0,17.0
scen2,ed_port_scen1,1200.0,1260.0,22740434#0,12.94,14.04,4.04,17.0,18.0
scen2,ed_port_scen1,1200.0,1260.0,22740434#1,13.37,1.87,3.81,19.0,18.0
scen2,ed_port_scen1,1200.0,1260.0,22740446#5,9.49,3.37,5.99,20.0,21.0
scen2,ed_port_scen1,1200.0,1260.0,542415702,3.31,17.85,14.04,16.0,18.0
scen2,ed_port_scen1,1200.0,1260.0,542415708#0,5.91,0.03,15.94,23.0,23.0
scen2,ed_port_scen1,1200.0,1260.0,542415708#1,3.06,2.09,25.85,21.0,20.0
scen2,ed_port_scen1,1200.0,1260.0,542415708#2,1.27,18.87,48.01,17.0,13.0
scen2,ed_port_scen1,1200.0,1260.0,542415708#3,1.61,2.34,43.33,14.0,15.0
scen2,ed_port_scen1,1200.0,1260.0,542415708#4,1.4,1.82,43.43,15.0,14.0
scen2,ed_port_scen1,1200.0,1260.0,542415708#6,7.59,0.33,12.23,23.0,23.0
scen2,ed_port_scen1,1200.0,1260.0,559367542,7.0,9.22,10.11,0.0,18.0
scen2,ed_port_scen1,1200.0,1260.0,626699047,11.76,3.98,14.66,20.0,22.0
scen2,ed_port_scen1,1200.0,1260.0,626699047.59,9.76,0.54,19.67,22.0,23.0
scen2,ed_port_scen1,1200.0,1260.0,626699047.67,8.8,4.82,22.22,23.0,23.0
scen2,ed_port_scen1,1200.0,1260.0,657270567#0,8.84,6.06,6.22,21.0,20.0
scen2,ed_port_scen1,1200.0,1260.0,657270567#1,8.68,24.26,5.94,20.0,17.0
scen2,ed_port_scen1,1200.0,1260.0,657270567#2,8.86,28.9,5.23,17.0,19.0
scen2,ed_port_scen1,1200.0,1260.0,668507066#0,13.16,1.44,3.54,17.0,16.0
scen2,ed_port_scen1,1200.0,1260.0,668507066#1,13.34,3.1,3.38,15.0,16.0
scen2,ed_port_scen1,1200.0,1260.0,668507066#2,13.15,11.37,3.78,16.0,18.0
scen2,ed_port_scen1,1200.0,1260.0,669284456,1.82,30.16,25.54,12.0,11.0
scen2,ed_port_scen1,1200.0,1260.0,669284462,11.06,6.28,9.24,24.0,25.0
scen2,ed_port_scen1,1200.0,1260.0,669871305#0,0.09,55.1,5.39,1.0,1.0
scen2,ed_port_scen1,1200.0,1260.0,669871305#1,0.14,528.28,6.91,1.0,1.0
scen2,ed_port_scen1,1200.0,1260.0,669871307#0,0.0,,16.67,0.0,0.0
scen2,ed_port_scen1,1200.0,1260.0,669871307#1,0.07,2047.84,10.98,0.0,1.0
scen2,ed_port_scen1,1200.0,1260.0,669871307#2,0.12,293.11,10.97,1.0,1.0
scen2,ed_port_scen1,1200.0,1260.0,671267430,0.02,394.64,13.13,1.0,1.0
scen2,ed_port_scen1,1200.0,1260.0,92848439#0,10.69,3.1,5.04,20.0,19.0
scen2,ed_port_scen1,1200.0,1260.0,92848439#1,10.4,0.71,5.06,18.0,19.0
scen2,ed_port_scen1,1200.0,1260.0,92848439#2,9.06,2.97,6.03,19.0,20.0
scen2,ed_port_scen1,1200.0,1260.0,92848448#0,1.75,12.94,51.26,11.0,11.0
scen2,ed_port_scen1,1200.0,1260.0,92848448#1,1.77,71.74,51.24,11.0,11.0
scen2,ed_port_scen1,1200.0,1260.0,92848448#1.170,1.81,61.89,51.2,11.0,11.0
scen2,ed_port_scen1,1200.0,1260.0,E11,1.83,1.71,52.84,11.0,11.0
scen2,ed_port_scen1,1200.0,1260.0,E12,1.79,16.65,51.05,12.0,10.0
scen2,ed_port_scen1,1200.0,1260.0,E13,1.75,1.55,51.22,11.0,11.0
scen2,ed_port_scen1,1200.0,1260.0,E17,1.78,1.86,41.59,11.0,11.0
scen2,ed_port_scen1,1200.0,1260.0,E18,1.06,17.95,14.25,10.0,11.0
scen2,ed_port_scen1,1260.0,1320.0,1187557611,12.73,3.8,5.46,18.0,17.0
scen2,ed_port_scen1,1260.0,1320.0,1187557612,9.97,9.48,5.22,18.0,19.0
scen2,ed_port_scen1,1260.0,1320.0,1211925684,1.46,28.16,22.52,10.0,13.0
scen2,ed_port_scen1,1260.0,1320.0,1211925685,7.09,0.77,5.82,20.0,20.0
scen2,ed_port_scen1,1260.0,1320.0,1211925690,1.52,26.83,32.32,12.0,10.0
scen2,ed_port_scen1,1260.0,1320.0,1443544287#0,0.84,9.41,35.75,7.0,6.0
scen2,ed_port_scen1,1260.0,1320.0,1443544287#1,0.62,72.83,33.95,6.0,9.0
scen2,ed_port_scen1,1260.0,1320.0,22690115,13.32,58.32,5.51,18.0,17.0
scen2,ed_port_scen1,1260.0,1320.0,22690125#0,10.23,9.78,7.03,17.0,18.0
scen2,ed_port_scen1,1260.0,1320.0,22690125#1,10.35,9.84,7.0,18.0,16.0
scen2,ed_port_scen1,1260.0,1320.0,22690125#2,10.56,8.36,6.55,16.0,16.0
scen2,ed_port_scen1,1260.0,1320.0,22740417#0,10.09,0.21,5.2,20.0,20.0
scen2,ed_port_scen1,1260.0,1320.0,22740417#1,7.59,0.7,8.06,20.0,20.0
scen2,ed_port_scen1,1260.0,1320.0,22740417#5,10.62,0.25,5.01,20.0,20.0
scen2,ed_port_scen1,1260.0,1320.0,22740434#0,13.13,13.83,3.72,20.0,17.0
scen2,ed_port_scen1,1260.0,1320.0,22740434#1,13.34,1.87,3.68,17.0,18.0
scen2,ed_port_scen1,1260.0,1320.0,22740446#5,9.97,3.21,4.66,16.0,17.0
scen2,ed_port_scen1,1260.0,1320.0,542415702,1.07,55.07,20.52,9.0,8.0
scen2,ed_port_scen1,1260.0,1320.0,542415708#0,1.64,0.08,29.65,12.0,12.0
scen2,ed_port_scen1,1260.0,1320.0,542415708#1,0.85,9.17,52.6,11.0,11.0
scen2,ed_port_scen1,1260.0,1320.0,542415708#2,0.83,31.84,57.03,11.0,12.0
scen2,ed_port_scen1,1260.0,1320.0,542415708#3,0.85,4.69,44.73,11.0,11.0
scen2,ed_port_scen1,1260.0,1320.0,542415708#4,0.88,1.77,39.78,10.0,10.0
scen2,ed_port_scen1,1260.0,1320.0,542415708#6,1.9,0.52,25.4,12.0,12.0
scen2,ed_port_scen1,1260.0,1320.0,559367542,6.98,9.23,10.36,0.0,18.0
scen2,ed_port_scen1,1260.0,1320.0,626699047,12.26,3.82,14.81,22.0,22.0
scen2,ed_port_scen1,1260.0,1320.0,626699047.59,9.6,0.55,19.08,22.0,22.0
scen2,ed_port_scen1,1260.0,1320.0,626699047.67,8.19,5.2,21.34,22.0,20.0
scen2,ed_port_scen1,1260.0,1320.0,657270567#0,9.69,5.55,5.01,18.0,17.0
scen2,ed_port_scen1,1260.0,1320.0,657270567#1,9.96,21.15,4.68,16.0,19.0
scen2,ed_port_scen1,1260.0,1320.0,657270567#2,9.29,27.54,7.1,19.0,22.0
scen2,ed_port_scen1,1260.0,1320.0,668507066#0,13.29,1.42,3.37,16.0,17.0
scen2,ed_port_scen1,1260.0,1320.0,668507066#1,13.39,3.09,3.84,18.0,19.0
scen2,ed_port_scen1,1260.0,1320.0,668507066#2,13.1,11.4,3.87,19.0,18.0
scen2,ed_port_scen1,1260.0,1320.0,669284456,1.79,30.99,25.64,10.0,11.0
scen2,ed_port_scen1,1260.0,1320.0,669284462,9.18,7.5,7.76,19.0,14.0
scen2,ed_port_scen1,1260.0,1320.0,669871305#0,0.0,,5.5,0.0,0.0
scen2,ed_port_scen1,1260.0,1320.0,669871305#1,0.0,,7.03,0.0,0.0
scen2,ed_port_scen1,1260.0,1320.0,669871307#0,0.09,0.22,15.55,1.0,1.0
scen2,ed_port_scen1,1260.0,1320.0,669871307#1,0.06,2244.61,11.0,1.0,0.0
scen2,ed_port_scen1,1260.0,1320.0,669871307#2,0.0,,11.22,0.0,0.0
scen2,ed_port_scen1,1260.0,1320.0,671267430,0.0,,14.19,0.0,0.0
scen2,ed_port_scen1,1260.0,1320.0,92848439#0,10.06,3.28,4.48,16.0,16.0
scen2,ed_port_scen1,1260.0,1320.0,92848439#1,9.98,0.75,4.55,17.0,16.0
scen2,ed_port_scen1,1260.0,1320.0,92848439#2,9.19,2.92,5.05,16.0,16.0
scen2,ed_port_scen1,1260.0,1320.0,92848448#0,1.83,12.68,51.19,11.0,11.0
scen2,ed_port_scen1,1260.0,1320.0,92848448#1,1.8,70.48,51.06,11.0,11.0
scen2,ed_port_scen1,1260.0,1320.0,92848448#1.170,1.8,62.16,50.96,11.0,11.0
scen2,ed_port_scen1,1260.0,1320.0,E11,1.74,1.82,52.71,11.0,10.0
scen2,ed_port_scen1,1260.0,1320.0,E12,1.77,17.06,51.39,10.0,11.0
scen2,ed_port_scen1,1260.0,1320.0,E13,1.79,1.34,52.77,11.0,11.0
scen2,ed_port_scen1,1260.0,1320.0,E17,1.8,0.99,60.68,11.0,11.0
scen2,ed_port_scen1,1260.0,1320.0,E18,1.41,13.54,18.9,12.0,11.0
scen2,ed_port_scen1,1320.0,1380.0,1187557611,11.96,4.05,5.76,16.0,17.0
scen2,ed_port_scen1,1320.0,1380.0,1187557612,9.85,9.64,5.24,18.0,19.0
scen2,ed_port_scen1,1320.0,1380.0,1211925684,0.87,43.48,31.08,12.0,9.0
scen2,ed_port_scen1,1320.0,1380.0,1211925685,7.47,0.72,4.44,17.0,16.0
scen2,ed_port_scen1,1320.0,1380.0,1211925690,1.39,30.01,29.7,9.0,12.0
scen2,ed_port_scen1,1320.0,1380.0,1443544287#0,2.92,3.66,23.8,14.0,15.0
scen2,ed_port_scen1,1320.0,1380.0,1443544287#1,1.16,36.45,32.83,16.0,11.0
scen2,ed_port_scen1,1320.0,1380.0,22690115,13.33,58.31,5.56,17.0,17.0
scen2,ed_port_scen1,1320.0,1380.0,22690125#0,10.74,9.33,6.78,17.0,17.0
scen2,ed_port_scen1,1320.0,1380.0,22690125#1,10.77,9.43,6.94,17.0,20.0
scen2,ed_port_scen1,1320.0,1380.0,22690125#2,10.51,8.39,7.44,20.0,20.0
scen2,ed_port_scen1,1320.0,1380.0,22740417#0,10.72,0.21,3.96,18.0,18.0
scen2,ed_port_scen1,1320.0,1380.0,22740417#1,10.88,0.47,4.61,18.0,18.0
scen2,ed_port_scen1,1320.0,1380.0,22740417#5,10.79,0.25,4.61,18.0,18.0
scen2,ed_port_scen1,1320.0,1380.0,22740434#0,13.26,13.69,3.52,17.0,17.0
scen2,ed_port_scen1,1320.0,1380.0,22740434#1,13.36,1.87,3.39,17.0,16.0
scen2,ed_port_scen1,1320.0,1380.0,22740446#5,9.71,3.3,5.43,19.0,19.0
scen2,ed_port_scen1,1320.0,1380.0,542415702,2.32,25.68,16.46,14.0,13.0
scen2,ed_port_scen1,1320.0,1380.0,542415708#0,0.68,0.12,72.94,11.0,11.0
scen2,ed_port_scen1,1320.0,1380.0,542415708#1,0.79,8.79,58.82,11.0,11.0
scen2,ed_port_scen1,1320.0,1380.0,542415708#2,0.91,30.31,58.59,12.0,11.0
scen2,ed_port_scen1,1320.0,1380.0,542415708#3,1.21,4.03,56.12,13.0,13.0
scen2,ed_port_scen1,1320.0,1380.0,542415708#4,1.93,0.8,29.04,12.0,13.0
scen2,ed_port_scen1,1320.0,1380.0,542415708#6,0.84,5.11,39.45,13.0,11.0
scen2,ed_port_scen1,1320.0,1380.0,559367542,6.92,9.31,10.32,0.0,17.0
scen2,ed_port_scen1,1320.0,1380.0,626699047,12.72,3.73,9.61,16.0,14.0
scen2,ed_port_scen1,1320.0,1380.0,626699047.59,13.36,0.4,8.1,13.0,13.0
scen2,ed_port_scen1,1320.0,1380.0,626699047.67,11.22,3.73,10.56,13.0,16.0
scen2,ed_port_scen1,1320.0,1380.0,657270567#0,9.45,5.67,5.34,18.0,18.0
scen2,ed_port_scen1,1320.0,1380.0,657270567#1,9.29,22.68,5.67,19.0,18.0
scen2,ed_port_scen1,1320.0,1380.0,657270567#2,9.26,27.62,4.74,17.0,16.0
scen2,ed_port_scen1,1320.0,1380.0,668507066#0,12.62,1.51,4.13,19.0,19.0
scen2,ed_port_scen1,1320.0,1380.0,668507066#1,13.36,3.1,3.84,19.0,18.0
scen2,ed_port_scen1,1320.0,1380.0,668507066#2,13.03,11.44,3.65,17.0,18.0
scen2,ed_port_scen1,1320.0,1380.0,669284456,1.87,29.43,25.36,12.0,11.0
scen2,ed_port_scen1,1320.0,1380.0,669284462,1.9,34.2,32.76,17.0,12.0
scen2,ed_port_scen1,1320.0,1380.0,669871305#0,0.0,,5.5,0.0,0.0
scen2,ed_port_scen1,1320.0,1380.0,669871305#1,0.0,,7.03,0.0,0.0
scen2,ed_port_scen1,1320.0,1380.0,669871307#0,0.0,,16.67,0.0,0.0
scen2,ed_port_scen1,1320.0,1380.0,669871307#1,0.0,,11.11,0.0,0.0
scen2,ed_port_scen1,1320.0,1380.0,669871307#2,0.0,,11.22,0.0,0.0
scen2,ed_port_scen1,1320.0,1380.0,671267430,0.0,,14.19,0.0,0.0
scen2,ed_port_scen1,1320.0,1380.0,92848439#0,9.73,3.39,4.91,18.0,17.0
scen2,ed_port_scen1,1320.0,1380.0,92848439#1,9.15,0.81,5.34,17.0,18.0
scen2,ed_port_scen1,1320.0,1380.0,92848439#2,8.86,3.06,5.44,17.0,18.0
scen2,ed_port_scen1,1320.0,1380.0,92848448#0,1.88,12.16,50.74,11.0,11.0
scen2,ed_port_scen1,1320.0,1380.0,92848448#1,1.97,64.48,50.11,12.0,12.0
scen2,ed_port_scen1,1320.0,1380.0,92848448#1.170,1.96,58.01,50.16,12.0,11.0
scen2,ed_port_scen1,1320.0,1380.0,E11,2.06,1.59,53.37,12.0,13.0
scen2,ed_port_scen1,1320.0,1380.0,E12,2.04,14.99,50.14,12.0,12.0
scen2,ed_port_scen1,1320.0,1380.0,E13,1.98,1.12,53.75,12.0,12.0
scen2,ed_port_scen1,1320.0,1380.0,E17,1.8,0.64,53.27,12.0,11.0
scen2,ed_port_scen1,1320.0,1380.0,E18,1.38,13.85,23.76,11.0,11.0
scen2,ed_port_scen1,1380.0,1440.0,1187557611,12.75,3.8,5.79,17.0,17.0
scen2,ed_port_scen1,1380.0,1440.0,1187557612,10.08,9.37,4.57,17.0,17.0
scen2,ed_port_scen1,1380.0,1440.0,1211925684,1.51,26.98,28.77,15.0,13.0
scen2,ed_port_scen1,1380.0,1440.0,1211925685,4.71,1.27,8.06,17.0,18.0
scen2,ed_port_scen1,1380.0,1440.0,1211925690,1.5,27.55,32.4,13.0,11.0
scen2,ed_port_scen1,1380.0,1440.0,1443544287#0,3.27,3.96,23.18,16.0,16.0
scen2,ed_port_scen1,1380.0,1440.0,1443544287#1,1.46,31.02,31.57,16.0,17.0
scen2,ed_port_scen1,1380.0,1440.0,22690115,13.36,58.16,5.48,18.0,19.0
scen2,ed_port_scen1,1380.0,1440.0,22690125#0,10.31,9.7,7.29,19.0,18.0
scen2,ed_port_scen1,1380.0,1440.0,22690125#1,10.23,9.94,7.25,18.0,17.0
scen2,ed_port_scen1,1380.0,1440.0,22690125#2,10.12,8.71,7.19,17.0,17.0
scen2,ed_port_scen1,1380.0,1440.0,22740417#0,6.25,0.39,6.46,17.0,17.0
scen2,ed_port_scen1,1380.0,1440.0,22740417#1,4.06,1.5,14.45,17.0,17.0
scen2,ed_port_scen1,1380.0,1440.0,22740417#5,6.74,0.31,7.32,17.0,17.0
scen2,ed_port_scen1,1380.0,1440.0,22740434#0,12.84,14.15,3.5,16.0,16.0
scen2,ed_port_scen1,1380.0,1440.0,22740434#1,13.39,1.86,3.45,16.0,17.0
scen2,ed_port_scen1,1380.0,1440.0,22740446#5,9.15,3.5,4.86,16.0,16.0
scen2,ed_port_scen1,1380.0,1440.0,542415702,1.84,34.48,18.46,9.0,14.0
scen2,ed_port_scen1,1380.0,1440.0,542415708#0,0.79,0.15,59.91,11.0,11.0
scen2,ed_port_scen1,1380.0,1440.0,542415708#1,0.64,10.92,59.37,10.0,11.0
scen2,ed_port_scen1,1380.0,1440.0,542415708#2,0.61,40.54,61.51,9.0,9.0
scen2,ed_port_scen1,1380.0,1440.0,542415708#3,0.8,2.52,59.85,8.0,9.0
scen2,ed_port_scen1,1380.0,1440.0,542415708#4,0.8,3.12,53.04,10.0,10.0
scen2,ed_port_scen1,1380.0,1440.0,542415708#6,0.81,3.76,53.73,11.0,12.0
scen2,ed_port_scen1,1380.0,1440.0,559367542,7.05,9.15,10.18,0.0,18.0
scen2,ed_port_scen1,1380.0,1440.0,626699047,12.73,3.73,12.94,20.0,20.0
scen2,ed_port_scen1,1380.0,1440.0,626699047.59,12.93,0.41,12.85,20.0,20.0
scen2,ed_port_scen1,1380.0,1440.0,626699047.67,10.62,3.91,14.86,20.0,18.0
scen2,ed_port_scen1,1380.0,1440.0,657270567#0,8.89,6.03,5.61,17.0,19.0
scen2,ed_port_scen1,1380.0,1440.0,657270567#1,8.98,23.49,5.39,19.0,14.0
scen2,ed_port_scen1,1380.0,1440.0,657270567#2,9.43,27.13,4.86,15.0,20.0
scen2,ed_port_scen1,1380.0,1440.0,668507066#0,12.84,1.48,3.9,18.0,18.0
scen2,ed_port_scen1,1380.0,1440.0,668507066#1,13.24,3.13,3.61,18.0,17.0
scen2,ed_port_scen1,1380.0,1440.0,668507066#2,13.04,11.45,3.66,18.0,17.0
scen2,ed_port_scen1,1380.0,1440.0,669284456,1.86,29.67,25.4,11.0,11.0
scen2,ed_port_scen1,1380.0,1440.0,669284462,1.3,52.33,44.75,18.0,12.0
scen2,ed_port_scen1,1380.0,1440.0,669871305#0,0.0,,5.5,0.0,0.0
scen2,ed_port_scen1,1380.0,1440.0,669871305#1,0.0,,7.03,0.0,0.0
scen2,ed_port_scen1,1380.0,1440.0,669871307#0,0.0,,16.67,0.0,0.0
scen2,ed_port_scen1,1380.0,1440.0,669871307#1,0.0,,11.11,0.0,0.0
scen2,ed_port_scen1,1380.0,1440.0,669871307#2,0.0,,11.22,0.0,0.0
scen2,ed_port_scen1,1380.0,1440.0,671267430,0.0,,14.19,0.0,0.0
scen2,ed_port_scen1,1380.0,1440.0,92848439#0,10.06,3.28,4.81,17.0,18.0
scen2,ed_port_scen1,1380.0,1440.0,92848439#1,9.67,0.77,4.89,17.0,17.0
scen2,ed_port_scen1,1380.0,1440.0,92848439#2,8.93,3.01,5.33,18.0,17.0
scen2,ed_port_scen1,1380.0,1440.0,92848448#0,1.88,12.12,50.61,12.0,12.0
scen2,ed_port_scen1,1380.0,1440.0,92848448#1,1.93,65.48,50.26,11.0,11.0
scen2,ed_port_scen1,1380.0,1440.0,92848448#1.170,2.07,54.68,49.62,12.0,13.0
scen2,ed_port_scen1,1380.0,1440.0,E11,1.9,1.77,52.26,11.0,11.0
scen2,ed_port_scen1,1380.0,1440.0,E12,1.99,15.18,50.33,12.0,12.0
scen2,ed_port_scen1,1380.0,1440.0,E13,1.96,1.21,50.87,12.0,12.0
scen2,ed_port_scen1,1380.0,1440.0,E17,2.4,0.78,40.8,12.0,13.0
scen2,ed_port_scen1,1380.0,1440.0,E18,1.63,11.7,30.12,13.0,12.0
scen2,ed_port_scen1,1440.0,1500.0,1187557611,12.04,4.02,6.59,19.0,20.0
scen2,ed_port_scen1,1440.0,1500.0,1187557612,9.96,9.51,5.34,20.0,19.0
scen2,ed_port_scen1,1440.0,1500.0,1211925684,1.29,30.87,25.35,11.0,13.0
scen2,ed_port_scen1,1440.0,1500.0,1211925685,1.89,3.15,14.84,13.0,12.0
scen2,ed_port_scen1,1440.0,1500.0,1211925690,1.81,22.48,27.93,12.0,12.0
scen2,ed_port_scen1,1440.0,1500.0,1443544287#0,0.7,10.99,39.32,6.0,6.0
scen2,ed_port_scen1,1440.0,1500.0,1443544287#1,0.58,76.86,39.77,6.0,9.0
scen2,ed_port_scen1,1440.0,1500.0,22690115,13.36,58.18,5.57,18.0,17.0
scen2,ed_port_scen1,1440.0,1500.0,22690125#0,11.08,9.03,6.68,17.0,18.0
scen2,ed_port_scen1,1440.0,1500.0,22690125#1,11.14,9.13,6.45,18.0,17.0
scen2,ed_port_scen1,1440.0,1500.0,22690125#2,11.15,7.91,6.74,17.0,18.0
scen2,ed_port_scen1,1440.0,1500.0,22740417#0,6.97,0.33,6.69,18.0,18.0
scen2,ed_port_scen1,1440.0,1500.0,22740417#1,5.42,1.19,10.53,17.0,16.0
scen2,ed_port_scen1,1440.0,1500.0,22740417#5,7.55,0.27,6.55,18.0,18.0
scen2,ed_port_scen1,1440.0,1500.0,22740434#0,13.12,13.84,3.79,17.0,20.0
scen2,ed_port_scen1,1440.0,1500.0,22740434#1,13.32,1.88,4.07,20.0,19.0
scen2,ed_port_scen1,1440.0,1500.0,22740446#5,9.75,3.29,5.1,19.0,17.0
scen2,ed_port_scen1,1440.0,1500.0,542415702,1.4,40.42,19.36,13.0,8.0
scen2,ed_port_scen1,1440.0,1500.0,542415708#0,1.33,0.28,39.92,14.0,14.0
scen2,ed_port_scen1,1440.0,1500.0,542415708#1,1.11,7.61,54.4,15.0,14.0
scen2,ed_port_scen1,1440.0,1500.0,542415708#2,1.2,21.66,53.97,15.0,16.0
scen2,ed_port_scen1,1440.0,1500.0,542415708#3,1.59,2.3,36.79,16.0,15.0
scen2,ed_port_scen1,1440.0,1500.0,542415708#4,1.39,1.25,39.36,15.0,13.0
scen2,ed_port_scen1,1440.0,1500.0,542415708#6,1.07,1.53,61.66,13.0,14.0
scen2,ed_port_scen1,1440.0,1500.0,559367542,7.07,9.11,10.54,0.0,18.0
scen2,ed_port_scen1,1440.0,1500.0,626699047,8.6,5.37,16.83,17.0,17.0
scen2,ed_port_scen1,1440.0,1500.0,626699047.59,6.21,0.81,20.04,16.0,15.0
scen2,ed_port_scen1,1440.0,1500.0,626699047.67,3.93,10.84,31.42,15.0,14.0
scen2,ed_port_scen1,1440.0,1500.0,657270567#0,10.04,5.36,4.22,16.0,15.0
scen2,ed_port_scen1,1440.0,1500.0,657270567#1,9.73,21.64,4.88,15.0,19.0
scen2,ed_port_scen1,1440.0,1500.0,657270567#2,9.04,28.29,5.73,19.0,17.0
scen2,ed_port_scen1,1440.0,1500.0,668507066#0,12.9,1.47,3.62,18.0,17.0
scen2,ed_port_scen1,1440.0,1500.0,668507066#1,13.4,3.09,3.72,17.0,18.0
scen2,ed_port_scen1,1440.0,1500.0,668507066#2,13.06,11.43,4.04,18.0,20.0
scen2,ed_port_scen1,1440.0,1500.0,669284456,2.2,25.11,24.49,13.0,14.0
scen2,ed_port_scen1,1440.0,1500.0,669284462,0.98,72.32,53.16,12.0,12.0
scen2,ed_port_scen1,1440.0,1500.0,669871305#0,0.0,,5.5,0.0,0.0
scen2,ed_port_scen1,1440.0,1500.0,669871305#1,0.0,,7.03,0.0,0.0
scen2,ed_port_scen1,1440.0,1500.0,669871307#0,0.0,,16.67,0.0,0.0
scen2,ed_port_scen1,1440.0,1500.0,669871307#1,0.0,,11.11,0.0,0.0
scen2,ed_port_scen1,1440.0,1500.0,669871307#2,0.0,,11.22,0.0,0.0
scen2,ed_port_scen1,1440.0,1500.0,671267430,0.0,,14.19,0.0,0.0
scen2,ed_port_scen1,1440.0,1500.0,92848439#0,9.68,3.42,5.5,19.0,19.0
scen2,ed_port_scen1,1440.0,1500.0,92848439#1,9.62,0.77,5.77,20.0,20.0
scen2,ed_port_scen1,1440.0,1500.0,92848439#2,9.48,2.84,5.74,19.0,19.0
scen2,ed_port_scen1,1440.0,1500.0,92848448#0,2.26,9.97,48.52,13.0,13.0
scen2,ed_port_scen1,1440.0,1500.0,92848448#1,2.32,55.19,48.12,13.0,14.0
scen2,ed_port_scen1,1440.0,1500.0,92848448#1.170,1.9,59.01,50.55,12.0,12.0
scen2,ed_port_scen1,1440.0,1500.0,E0,8.78,3.33,0.64,1.0,0.0
scen2,ed_port_scen1,1440.0,1500.0,E11,2.36,1.08,48.28,15.0,14.0
scen2,ed_port_scen1,1440.0,1500.0,E12,2.63,10.95,31.79,14.0,15.0
scen2,ed_port_scen1,1440.0,1500.0,E13,2.0,1.28,47.52,11.0,11.0
scen2,ed_port_scen1,1440.0,1500.0,E17,1.81,1.32,55.03,12.0,12.0
scen2,ed_port_scen1,1440.0,1500.0,E18,1.63,11.69,36.82,11.0,12.0
scen2,ed_port_scen1,1500.0,1560.0,-542415699#1,5.78,16.48,0.05,1.0,0.0
scen2,ed_port_scen1,1500.0,1560.0,-542415699#2,5.66,26.65,2.47,4.0,1.0
scen2,ed_port_scen1,1500.0,1560.0,-542415699#3.55,4.74,41.62,18.43,16.0,4.0
scen2,ed_port_scen1,1500.0,1560.0,1187557611,13.01,3.73,5.42,17.0,17.0
scen2,ed_port_scen1,1500.0,1560.0,1187557612,10.43,9.08,4.38,16.0,16.0
scen2,ed_port_scen1,1500.0,1560.0,1211925684,1.48,27.88,23.01,11.0,14.0
scen2,ed_port_scen1,1500.0,1560.0,1211925685,1.78,3.37,9.73,7.0,8.0
scen2,ed_port_scen1,1500.0,1560.0,1211925690,2.54,16.0,25.54,15.0,16.0
scen2,ed_port_scen1,1500.0,1560.0,1443544287#0,1.69,7.03,27.11,12.0,10.0
scen2,ed_port_scen1,1500.0,1560.0,1443544287#1,0.86,50.99,32.93,9.0,11.0
scen2,ed_port_scen1,1500.0,1560.0,22690115,13.28,58.51,5.59,18.0,19.0
scen2,ed_port_scen1,1500.0,1560.0,22690125#0,10.52,9.51,7.11,19.0,18.0
scen2,ed_port_scen1,1500.0,1560.0,22690125#1,10.47,9.72,7.25,18.0,19.0
scen2,ed_port_scen1,1500.0,1560.0,22690125#2,10.3,8.56,7.13,19.0,17.0
scen2,ed_port_scen1,1500.0,1560.0,22740417#0,7.93,0.28,5.88,17.0,17.0
scen2,ed_port_scen1,1500.0,1560.0,22740417#1,6.3,0.86,9.18,18.0,19.0
scen2,ed_port_scen1,1500.0,1560.0,22740417#5,7.87,0.35,6.0,17.0,17.0
scen2,ed_port_scen1,1500.0,1560.0,22740434#0,13.09,13.87,4.01,19.0,18.0
scen2,ed_port_scen1,1500.0,1560.0,22740434#1,13.38,1.87,3.63,17.0,18.0
scen2,ed_port_scen1,1500.0,1560.0,22740446#5,10.04,3.18,5.42,19.0,20.0
scen2,ed_port_scen1,1500.0,1560.0,542415702,1.85,32.26,17.61,11.0,12.0
scen2,ed_port_scen1,1500.0,1560.0,542415708#0,0.73,0.15,69.15,12.0,11.0
scen2,ed_port_scen1,1500.0,1560.0,542415708#1,0.78,8.83,57.96,12.0,12.0
scen2,ed_port_scen1,1500.0,1560.0,542415708#2,0.69,36.8,61.18,11.0,10.0
scen2,ed_port_scen1,1500.0,1560.0,542415708#3,0.9,3.51,57.77,9.0,10.0
scen2,ed_port_scen1,1500.0,1560.0,542415708#4,0.74,5.75,62.81,10.0,11.0
scen2,ed_port_scen1,1500.0,1560.0,542415708#6,0.88,3.67,48.72,12.0,12.0
scen2,ed_port_scen1,1500.0,1560.0,559367542,6.94,9.29,10.31,0.0,18.0
scen2,ed_port_scen1,1500.0,1560.0,626699047,11.75,3.99,9.82,13.0,15.0
scen2,ed_port_scen1,1500.0,1560.0,626699047.59,5.61,0.88,2.68,1.0,2.0
scen2,ed_port_scen1,1500.0,1560.0,626699047.67,2.8,14.94,10.07,2.0,5.0
scen2,ed_port_scen1,1500.0,1560.0,657270567#0,9.39,5.72,6.29,20.0,21.0
scen2,ed_port_scen1,1500.0,1560.0,657270567#1,9.21,22.87,5.6,21.0,19.0
scen2,ed_port_scen1,1500.0,1560.0,657270567#2,9.15,27.95,5.05,19.0,14.0
scen2,ed_port_scen1,1500.0,1560.0,668507066#0,12.9,1.46,3.87,17.0,18.0
scen2,ed_port_scen1,1500.0,1560.0,668507066#1,13.29,3.12,3.54,18.0,17.0
scen2,ed_port_scen1,1500.0,1560.0,668507066#2,13.18,11.34,3.6,17.0,16.0
scen2,ed_port_scen1,1500.0,1560.0,669284456,2.71,20.31,23.25,15.0,15.0
scen2,ed_port_scen1,1500.0,1560.0,669284462,0.8,90.12,55.41,8.0,12.0
scen2,ed_port_scen1,1500.0,1560.0,669871305#0,0.0,114.51,5.15,1.0,1.0
scen2,ed_port_scen1,1500.0,1560.0,669871305#1,0.13,569.07,6.92,1.0,1.0
scen2,ed_port_scen1,1500.0,1560.0,669871307#0,0.0,,16.67,0.0,0.0
scen2,ed_port_scen1,1500.0,1560.0,669871307#1,0.05,3118.98,11.02,0.0,1.0
scen2,ed_port_scen1,1500.0,1560.0,669871307#2,0.12,294.1,10.97,1.0,1.0
scen2,ed_port_scen1,1500.0,1560.0,671267430,0.02,394.64,13.13,1.0,1.0
scen2,ed_port_scen1,1500.0,1560.0,92848439#0,11.02,3.0,4.67,18.0,19.0
scen2,ed_port_scen1,1500.0,1560.0,92848439#1,10.64,0.7,4.85,19.0,18.0
scen2,ed_port_scen1,1500.0,1560.0,92848439#2,9.39,2.87,5.59,19.0,19.0
scen2,ed_port_scen1,1500.0,1560.0,92848448#0,2.67,8.59,46.56,15.0,15.0
scen2,ed_port_scen1,1500.0,1560.0,92848448#1,2.59,48.87,47.02,15.0,15.0
scen2,ed_port_scen1,1500.0,1560.0,92848448#1.170,2.14,52.37,40.64,6.0,12.0
scen2,ed_port_scen1,1500.0,1560.0,E0,6.48,4.37,19.85,15.0,16.0
scen2,ed_port_scen1,1500.0,1560.0,E11,2.23,1.53,43.33,14.0,14.0
scen2,ed_port_scen1,1500.0,1560.0,E12,3.11,9.77,11.25,14.0,15.0
scen2,ed_port_scen1,1500.0,1560.0,E13,4.02,0.69,12.22,6.0,6.0
scen2,ed_port_scen1,1500.0,1560.0,E17,1.94,0.65,58.2,12.0,12.0
scen2,ed_port_scen1,1500.0,1560.0,E18,1.7,11.23,41.57,12.0,12.0
scen2,ed_port_scen1,1560.0,1620.0,-542415699#1,4.85,19.74,15.67,11.0,6.0
scen2,ed_port_scen1,1560.0,1620.0,-542415699#2,4.58,32.97,24.6,12.0,11.0
scen2,ed_port_scen1,1560.0,1620.0,-542415699#3.55,4.18,47.24,27.1,16.0,12.0
scen2,ed_port_scen1,1560.0,1620.0,1187557611,12.82,3.78,6.04,19.0,18.0
scen2,ed_port_scen1,1560.0,1620.0,1187557612,10.25,9.23,5.03,18.0,19.0
scen2,ed_port_scen1,1560.0,1620.0,1211925684,1.15,35.05,30.58,15.0,12.0
scen2,ed_port_scen1,1560.0,1620.0,1211925690,1.81,22.54,28.35,12.0,12.0
scen2,ed_port_scen1,1560.0,1620.0,1443544287#0,3.7,2.57,23.12,18.0,20.0
scen2,ed_port_scen1,1560.0,1620.0,1443544287#1,1.69,24.5,30.0,20.0,15.0
scen2,ed_port_scen1,1560.0,1620.0,22690115,13.3,58.43,5.54,17.0,17.0
scen2,ed_port_scen1,1560.0,1620.0,22690125#0,10.53,9.5,6.96,17.0,17.0
scen2,ed_port_scen1,1560.0,1620.0,22690125#1,10.44,9.74,7.18,17.0,17.0
scen2,ed_port_scen1,1560.0,1620.0,22690125#2,10.48,8.42,6.8,16.0,18.0
scen2,ed_port_scen1,1560.0,1620.0,22740417#0,10.23,0.21,5.38,20.0,20.0
scen2,ed_port_scen1,1560.0,1620.0,22740417#1,7.11,0.78,8.08,19.0,19.0
scen2,ed_port_scen1,1560.0,1620.0,22740417#5,10.76,0.25,4.86,20.0,20.0
scen2,ed_port_scen1,1560.0,1620.0,22740434#0,13.12,13.84,3.89,19.0,18.0
scen2,ed_port_scen1,1560.0,1620.0,22740434#1,13.36,1.87,3.9,19.0,18.0
scen2,ed_port_scen1,1560.0,1620.0,22740446#5,10.45,3.08,4.34,17.0,16.0
scen2,ed_port_scen1,1560.0,1620.0,542415702,4.16,14.49,10.23,13.0,17.0
scen2,ed_port_scen1,1560.0,1620.0,542415708#0,0.6,0.14,75.26,10.0,11.0
scen2,ed_port_scen1,1560.0,1620.0,542415708#1,0.71,10.19,58.38,9.0,10.0
scen2,ed_port_scen1,1560.0,1620.0,542415708#2,0.91,29.15,58.43,12.0,12.0
scen2,ed_port_scen1,1560.0,1620.0,542415708#3,1.31,2.3,45.32,12.0,12.0
scen2,ed_port_scen1,1560.0,1620.0,542415708#4,0.73,4.87,70.41,12.0,12.0
scen2,ed_port_scen1,1560.0,1620.0,542415708#6,0.7,6.04,44.16,10.0,9.0
scen2,ed_port_scen1,1560.0,1620.0,559367542,6.98,9.22,10.04,0.0,17.0
scen2,ed_port_scen1,1560.0,1620.0,626699047,6.7,6.85,28.33,25.0,21.0
scen2,ed_port_scen1,1560.0,1620.0,657270567#0,10.34,5.2,4.6,17.0,17.0
scen2,ed_port_scen1,1560.0,1620.0,657270567#1,10.16,20.75,4.9,17.0,18.0
scen2,ed_port_scen1,1560.0,1620.0,657270567#2,9.58,26.57,6.01,18.0,24.0
scen2,ed_port_scen1,1560.0,1620.0,668507066#0,13.0,1.45,3.78,18.0,17.0
scen2,ed_port_scen1,1560.0,1620.0,668507066#1,13.26,3.13,3.5,16.0,17.0
scen2,ed_port_scen1,1560.0,1620.0,668507066#2,13.22,11.3,3.72,17.0,18.0
scen2,ed_port_scen1,1560.0,1620.0,669284456,2.05,26.74,24.79,12.0,12.0
scen2,ed_port_scen1,1560.0,1620.0,669284462,0.9,74.3,26.2,0.0,11.0
scen2,ed_port_scen1,1560.0,1620.0,669871305#0,0.0,,5.5,0.0,0.0
scen2,ed_port_scen1,1560.0,1620.0,669871305#1,0.0,,7.03,0.0,0.0
scen2,ed_port_scen1,1560.0,1620.0,669871307#0,0.09,0.43,15.85,1.0,1.0
scen2,ed_port_scen1,1560.0,1620.0,669871307#1,0.08,1628.27,10.96,1.0,0.0
scen2,ed_port_scen1,1560.0,1620.0,669871307#2,0.0,100000.0,11.22,0.0,0.0
scen2,ed_port_scen1,1560.0,1620.0,671267430,0.0,,14.19,0.0,0.0
scen2,ed_port_scen1,1560.0,1620.0,92848439#0,10.42,3.18,4.4,17.0,16.0
scen2,ed_port_scen1,1560.0,1620.0,92848439#1,10.33,0.72,4.14,16.0,16.0
scen2,ed_port_scen1,1560.0,1620.0,92848439#2,9.73,2.78,4.55,16.0,16.0
scen2,ed_port_scen1,1560.0,1620.0,92848448#0,1.98,11.45,50.04,12.0,11.0
scen2,ed_port_scen1,1560.0,1620.0,92848448#1,2.01,62.79,49.86,12.0,12.0
scen2,ed_port_scen1,1560.0,1620.0,92848448#1.170,3.38,32.85,8.08,3.0,6.0
scen2,ed_port_scen1,1560.0,1620.0,E0,4.26,6.74,35.8,20.0,17.0
scen2,ed_port_scen1,1560.0,1620.0,E11,2.13,1.51,57.19,12.0,13.0
scen2,ed_port_scen1,1560.0,1620.0,E12,2.81,10.97,13.0,13.0,12.0
scen2,ed_port_scen1,1560.0,1620.0,E13,4.8,0.61,5.1,3.0,3.0
scen2,ed_port_scen1,1560.0,1620.0,E17,2.2,0.58,28.35,7.0,7.0
scen2,ed_port_scen1,1560.0,1620.0,E18,1.89,10.07,29.63,8.0,9.0
scen2,ed_port_scen1,1560.0,1620.0,E2,3.49,1.69,4.27,3.0,2.0
scen2,ed_port_scen1,1560.0,1620.0,E20,10.49,10.01,2.74,5.0,3.0
scen2,ed_port_scen1,1560.0,1620.0,E21,9.52,6.25,2.55,3.0,3.0
scen2,ed_port_scen1,1560.0,1620.0,E3,0.19,222.4,0.03,1.0,1.0
scen2,ed_port_scen1,1620.0,1680.0,-542415699#1,4.43,21.65,19.44,12.0,10.0
scen2,ed_port_scen1,1620.0,1680.0,-542415699#2,4.03,37.51,29.65,20.0,12.0
scen2,ed_port_scen1,1620.0,1680.0,-542415699#3.55,4.02,49.01,41.05,20.0,20.0
scen2,ed_port_scen1,1620.0,1680.0,1187557611,12.83,3.78,4.9,16.0,15.0
scen2,ed_port_scen1,1620.0,1680.0,1187557612,9.86,9.62,5.04,18.0,17.0
scen2,ed_port_scen1,1620.0,1680.0,1211925684,1.74,23.01,24.3,15.0,14.0
scen2,ed_port_scen1,1620.0,1680.0,1211925690,1.83,22.42,30.1,15.0,13.0
scen2,ed_port_scen1,1620.0,1680.0,1443544287#0,2.21,4.42,27.94,13.0,14.0
scen2,ed_port_scen1,1620.0,1680.0,1443544287#1,1.56,27.82,28.84,14.0,15.0
scen2,ed_port_scen1,1620.0,1680.0,22690115,13.29,58.46,5.49,18.0,17.0
scen2,ed_port_scen1,1620.0,1680.0,22690125#0,10.22,9.79,7.21,17.0,18.0
scen2,ed_port_scen1,1620.0,1680.0,22690125#1,10.5,9.7,6.41,16.0,17.0
scen2,ed_port_scen1,1620.0,1680.0,22690125#2,10.3,8.56,7.42,18.0,18.0
scen2,ed_port_scen1,1620.0,1680.0,22740417#0,7.32,0.29,5.48,17.0,17.0
scen2,ed_port_scen1,1620.0,1680.0,22740417#1,5.95,0.96,9.34,17.0,17.0
scen2,ed_port_scen1,1620.0,1680.0,22740417#5,8.5,0.29,5.44,17.0,17.0
scen2,ed_port_scen1,1620.0,1680.0,22740434#0,12.9,14.08,3.51,17.0,17.0
scen2,ed_port_scen1,1620.0,1680.0,22740434#1,13.25,1.88,3.3,16.0,16.0
scen2,ed_port_scen1,1620.0,1680.0,22740446#5,10.0,3.2,5.01,17.0,18.0
scen2,ed_port_scen1,1620.0,1680.0,542415702,2.07,28.4,16.43,13.0,13.0
scen2,ed_port_scen1,1620.0,1680.0,542415708#0,0.9,0.12,30.08,6.0,6.0
scen2,ed_port_scen1,1620.0,1680.0,542415708#1,1.17,6.06,33.77,10.0,11.0
scen2,ed_port_scen1,1620.0,1680.0,542415708#2,1.03,24.99,57.42,13.0,13.0
scen2,ed_port_scen1,1620.0,1680.0,542415708#3,1.46,3.07,40.64,14.0,13.0
scen2,ed_port_scen1,1620.0,1680.0,542415708#4,1.68,1.47,30.41,13.0,14.0
scen2,ed_port_scen1,1620.0,1680.0,542415708#6,1.15,3.45,19.54,5.0,6.0
scen2,ed_port_scen1,1620.0,1680.0,559367542,7.09,9.08,10.47,0.0,18.0
scen2,ed_port_scen1,1620.0,1680.0,626699047,6.27,7.3,21.43,14.0,18.0
scen2,ed_port_scen1,1620.0,1680.0,657270567#0,9.81,5.48,4.84,18.0,17.0
scen2,ed_port_scen1,1620.0,1680.0,657270567#1,9.56,22.02,5.41,17.0,18.0
scen2,ed_port_scen1,1620.0,1680.0,657270567#2,9.04,28.21,4.81,18.0,14.0
scen2,ed_port_scen1,1620.0,1680.0,668507066#0,12.81,1.47,3.54,17.0,17.0
scen2,ed_port_scen1,1620.0,1680.0,668507066#1,13.28,3.12,3.92,18.0,19.0
scen2,ed_port_scen1,1620.0,1680.0,668507066#2,13.01,11.47,3.73,19.0,18.0
scen2,ed_port_scen1,1620.0,1680.0,669284456,2.26,24.43,24.19,13.0,13.0
scen2,ed_port_scen1,1620.0,1680.0,669284462,1.55,31.98,0.43,0.0,1.0
scen2,ed_port_scen1,1620.0,1680.0,669871305#0,0.0,,5.5,0.0,0.0
scen2,ed_port_scen1,1620.0,1680.0,669871305#1,0.0,,7.03,0.0,0.0
scen2,ed_port_scen1,1620.0,1680.0,669871307#0,0.0,,16.67,0.0,0.0
scen2,ed_port_scen1,1620.0,1680.0,669871307#1,0.0,,11.11,0.0,0.0
scen2,ed_port_scen1,1620.0,1680.0,669871307#2,0.0,,11.22,0.0,0.0
scen2,ed_port_scen1,1620.0,1680.0,671267430,0.0,,14.19,0.0,0.0
scen2,ed_port_scen1,1620.0,1680.0,92848439#0,10.4,3.19,4.41,16.0,17.0
scen2,ed_port_scen1,1620.0,1680.0,92848439#1,10.11,0.73,4.95,17.0,18.0
scen2,ed_port_scen1,1620.0,1680.0,92848439#2,9.43,2.86,5.39,18.0,18.0
scen2,ed_port_scen1,1620.0,1680.0,92848448#0,2.24,10.13,48.89,13.0,14.0
scen2,ed_port_scen1,1620.0,1680.0,92848448#1,2.24,56.75,48.46,13.0,12.0
scen2,ed_port_scen1,1620.0,1680.0,92848448#1.170,4.92,22.99,5.6,2.0,4.0
scen2,ed_port_scen1,1620.0,1680.0,E0,4.26,6.8,38.74,19.0,20.0
scen2,ed_port_scen1,1620.0,1680.0,E11,2.06,1.15,48.52,12.0,12.0
scen2,ed_port_scen1,1620.0,1680.0,E12,1.93,16.07,16.17,12.0,13.0
scen2,ed_port_scen1,1620.0,1680.0,E13,4.67,0.6,3.5,2.0,2.0
scen2,ed_port_scen1,1620.0,1680.0,E17,3.83,0.46,9.1,4.0,4.0
scen2,ed_port_scen1,1620.0,1680.0,E18,3.2,5.95,9.2,4.0,4.0
scen2,ed_port_scen1,1620.0,1680.0,E2,1.71,5.5,41.15,9.0,9.0
scen2,ed_port_scen1,1620.0,1680.0,E20,9.58,10.88,10.53,11.0,13.0
scen2,ed_port_scen1,1620.0,1680.0,E21,4.08,14.04,24.75,13.0,10.0
scen2,ed_port_scen1,1620.0,1680.0,E3,0.81,52.41,2.88,10.0,9.0
scen2,ed_port_scen1,1680.0,1740.0,-542415699#1,4.41,21.76,38.87,20.0,21.0
scen2,ed_port_scen1,1680.0,1740.0,-542415699#2,4.1,36.82,40.55,19.0,20.0
scen2,ed_port_scen1,1680.0,1740.0,-542415699#3.55,3.99,49.31,37.16,18.0,19.0
scen2,ed_port_scen1,1680.0,1740.0,1187557611,12.44,3.88,6.42,19.0,19.0
scen2,ed_port_scen1,1680.0,1740.0,1187557612,9.85,9.62,5.0,18.0,18.0
scen2,ed_port_scen1,1680.0,1740.0,1211925684,1.56,26.08,23.08,10.0,13.0
scen2,ed_port_scen1,1680.0,1740.0,1211925690,1.76,23.14,29.53,12.0,12.0
scen2,ed_port_scen1,1680.0,1740.0,1443544287#0,0.98,13.04,30.25,8.0,7.0
scen2,ed_port_scen1,1680.0,1740.0,1443544287#1,0.65,75.1,34.93,7.0,10.0
scen2,ed_port_scen1,1680.0,1740.0,22690115,13.35,58.22,5.6,18.0,19.0
scen2,ed_port_scen1,1680.0,1740.0,22690125#0,10.65,9.4,7.08,19.0,18.0
scen2,ed_port_scen1,1680.0,1740.0,22690125#1,10.32,9.87,7.54,19.0,18.0
scen2,ed_port_scen1,1680.0,1740.0,22690125#2,10.28,8.57,7.01,18.0,17.0
scen2,ed_port_scen1,1680.0,1740.0,22740417#0,8.16,0.26,5.32,16.0,16.0
scen2,ed_port_scen1,1680.0,1740.0,22740417#1,5.3,1.21,9.79,16.0,15.0
scen2,ed_port_scen1,1680.0,1740.0,22740417#5,9.31,0.26,4.8,17.0,16.0
scen2,ed_port_scen1,1680.0,1740.0,22740434#0,13.1,13.86,3.46,15.0,17.0
scen2,ed_port_scen1,1680.0,1740.0,22740434#1,13.28,1.88,3.87,18.0,19.0
scen2,ed_port_scen1,1680.0,1740.0,22740446#5,9.56,3.36,5.26,18.0,19.0
scen2,ed_port_scen1,1680.0,1740.0,542415702,1.84,33.33,17.18,12.0,9.0
scen2,ed_port_scen1,1680.0,1740.0,542415708#2,1.07,27.92,14.06,0.0,6.0
scen2,ed_port_scen1,1680.0,1740.0,542415708#3,3.31,1.59,9.34,8.0,9.0
scen2,ed_port_scen1,1680.0,1740.0,542415708#4,2.05,0.34,20.57,10.0,10.0
scen2,ed_port_scen1,1680.0,1740.0,559367542,7.04,9.16,10.39,0.0,18.0
scen2,ed_port_scen1,1680.0,1740.0,626699047,9.48,4.77,14.68,18.0,16.0
scen2,ed_port_scen1,1680.0,1740.0,657270567#0,8.95,5.97,5.48,18.0,18.0
scen2,ed_port_scen1,1680.0,1740.0,657270567#1,8.49,24.83,5.19,18.0,14.0
scen2,ed_port_scen1,1680.0,1740.0,657270567#2,9.03,28.33,4.88,13.0,18.0
scen2,ed_port_scen1,1680.0,1740.0,668507066#0,12.88,1.47,4.08,19.0,19.0
scen2,ed_port_scen1,1680.0,1740.0,668507066#1,13.17,3.14,3.76,19.0,17.0
scen2,ed_port_scen1,1680.0,1740.0,668507066#2,13.03,11.45,3.74,17.0,18.0
scen2,ed_port_scen1,1680.0,1740.0,669284456,1.99,27.7,25.18,12.0,12.0
scen2,ed_port_scen1,1680.0,1740.0,669871305#0,0.0,,5.5,0.0,0.0
scen2,ed_port_scen1,1680.0,1740.0,669871305#1,0.0,,7.03,0.0,0.0
scen2,ed_port_scen1,1680.0,1740.0,669871307#0,0.0,,16.67,0.0,0.0
scen2,ed_port_scen1,1680.0,1740.0,669871307#1,0.0,,11.11,0.0,0.0
scen2,ed_port_scen1,1680.0,1740.0,669871307#2,0.0,,11.22,0.0,0.0
scen2,ed_port_scen1,1680.0,1740.0,671267430,0.0,,14.19,0.0,0.0
scen2,ed_port_scen1,1680.0,1740.0,92848439#0,9.82,3.36,5.23,19.0,18.0
scen2,ed_port_scen1,1680.0,1740.0,92848439#1,9.25,0.8,5.11,17.0,17.0
scen2,ed_port_scen1,1680.0,1740.0,92848439#2,8.67,3.11,5.56,17.0,17.0
scen2,ed_port_scen1,1680.0,1740.0,92848448#0,2.01,11.33,49.92,12.0,12.0
scen2,ed_port_scen1,1680.0,1740.0,92848448#1,1.98,63.61,50.04,12.0,12.0
scen2,ed_port_scen1,1680.0,1740.0,E0,4.63,6.25,30.64,16.0,18.0
scen2,ed_port_scen1,1680.0,1740.0,E11,2.01,2.01,48.1,12.0,12.0
scen2,ed_port_scen1,1680.0,1740.0,E12,1.65,18.13,20.62,12.0,11.0
scen2,ed_port_scen1,1680.0,1740.0,E2,1.84,5.07,50.16,11.0,11.0
scen2,ed_port_scen1,1680.0,1740.0,E20,8.83,11.75,16.47,20.0,15.0
scen2,ed_port_scen1,1680.0,1740.0,E21,3.38,17.19,27.8,14.0,11.0
scen2,ed_port_scen1,1680.0,1740.0,E3,1.23,34.32,9.04,11.0,10.0
scen2,ed_port_scen1,1740.0,1800.0,-542415699#1,4.45,21.37,31.81,17.0,18.0
scen2,ed_port_scen1,1740.0,1800.0,-542415699#2,4.04,37.4,35.8,18.0,17.0
scen2,ed_port_scen1,1740.0,1800.0,-542415699#3.55,4.0,49.29,31.95,13.0,18.0
scen2,ed_port_scen1,1740.0,1800.0,1187557611,12.01,4.02,6.05,18.0,18.0
scen2,ed_port_scen1,1740.0,1800.0,1187557612,10.21,9.26,5.04,18.0,17.0
scen2,ed_port_scen1,1740.0,1800.0,1211925684,0.96,42.88,31.11,12.0,10.0
scen2,ed_port_scen1,1740.0,1800.0,1211925690,1.37,30.36,33.77,10.0,12.0
scen2,ed_port_scen1,1740.0,1800.0,1443544287#0,4.32,2.21,10.16,9.0,10.0
scen2,ed_port_scen1,1740.0,1800.0,1443544287#1,1.48,26.79,22.96,11.0,12.0
scen2,ed_port_scen1,1740.0,1800.0,22690115,13.28,58.54,5.58,18.0,18.0
scen2,ed_port_scen1,1740.0,1800.0,22690125#0,11.26,8.88,6.62,18.0,17.0
scen2,ed_port_scen1,1740.0,1800.0,22690125#1,11.11,9.15,6.74,18.0,19.0
scen2,ed_port_scen1,1740.0,1800.0,22690125#2,10.82,8.14,7.3,19.0,19.0
scen2,ed_port_scen1,1740.0,1800.0,22740417#0,5.53,0.33,8.06,19.0,19.0
scen2,ed_port_scen1,1740.0,1800.0,22740417#1,4.44,1.39,15.28,20.0,20.0
scen2,ed_port_scen1,1740.0,1800.0,22740417#5,6.87,0.36,7.74,18.0,19.0
scen2,ed_port_scen1,1740.0,1800.0,22740434#0,12.79,14.2,4.21,20.0,19.0
scen2,ed_port_scen1,1740.0,1800.0,22740434#1,13.23,1.88,3.85,19.0,18.0
scen2,ed_port_scen1,1740.0,1800.0,22740446#5,8.9,3.62,4.99,17.0,15.0
scen2,ed_port_scen1,1740.0,1800.0,542415702,1.69,38.04,5.05,0.0,6.0
scen2,ed_port_scen1,1740.0,1800.0,559367542,7.0,9.22,10.2,0.0,18.0
scen2,ed_port_scen1,1740.0,1800.0,626699047,8.02,5.85,17.99,18.0,17.0
scen2,ed_port_scen1,1740.0,1800.0,657270567#0,9.09,5.92,4.49,15.0,14.0
scen2,ed_port_scen1,1740.0,1800.0,657270567#1,9.01,23.34,4.53,13.0,19.0
scen2,ed_port_scen1,1740.0,1800.0,657270567#2,8.51,30.01,6.36,20.0,19.0
scen2,ed_port_scen1,1740.0,1800.0,668507066#0,12.94,1.46,3.91,19.0,18.0
scen2,ed_port_scen1,1740.0,1800.0,668507066#1,13.29,3.12,3.88,18.0,18.0
scen2,ed_port_scen1,1740.0,1800.0,668507066#2,13.15,11.35,3.96,18.0,18.0
scen2,ed_port_scen1,1740.0,1800.0,669284456,1.89,29.25,25.32,12.0,11.0
scen2,ed_port_scen1,1740.0,1800.0,669871305#0,0.0,,5.5,0.0,0.0
scen2,ed_port_scen1,1740.0,1800.0,669871305#1,0.0,,7.03,0.0,0.0
scen2,ed_port_scen1,1740.0,1800.0,669871307#0,0.0,,16.67,0.0,0.0
scen2,ed_port_scen1,1740.0,1800.0,669871307#1,0.0,,11.11,0.0,0.0
scen2,ed_port_scen1,1740.0,1800.0,669871307#2,0.0,,11.22,0.0,0.0
scen2,ed_port_scen1,1740.0,1800.0,671267430,0.0,,14.19,0.0,0.0
scen2,ed_port_scen1,1740.0,1800.0,92848439#0,8.84,3.73,5.81,18.0,19.0
scen2,ed_port_scen1,1740.0,1800.0,92848439#1,8.59,0.87,6.13,20.0,19.0
scen2,ed_port_scen1,1740.0,1800.0,92848439#2,8.47,3.17,6.0,19.0,18.0
scen2,ed_port_scen1,1740.0,1800.0,92848448#0,1.94,12.12,50.25,11.0,11.0
scen2,ed_port_scen1,1740.0,1800.0,92848448#1,1.92,66.42,50.36,12.0,12.0
scen2,ed_port_scen1,1740.0,1800.0,E0,5.07,5.58,22.74,15.0,13.0
scen2,ed_port_scen1,1740.0,1800.0,E11,1.96,1.12,57.91,12.0,12.0
scen2,ed_port_scen1,1740.0,1800.0,E12,1.65,18.2,25.88,12.0,12.0
scen2,ed_port_scen1,1740.0,1800.0,E2,2.35,4.27,47.99,13.0,14.0
scen2,ed_port_scen1,1740.0,1800.0,E20,2.93,36.08,41.74,18.0,12.0
scen2,ed_port_scen1,1740.0,1800.0,E21,2.27,27.18,48.22,13.0,13.0
scen2,ed_port_scen1,1740.0,1800.0,E3,1.97,21.46,13.51,13.0,14.0
scen2,ed_port_scen1,1800.0,1860.0,-542415699#1,3.03,31.16,43.61,15.0,13.0
scen2,ed_port_scen1,1800.0,1860.0,-542415699#2,3.88,38.73,26.27,12.0,15.0
scen2,ed_port_scen1,1800.0,1860.0,-542415699#3.55,3.73,52.94,35.51,17.0,12.0
scen2,ed_port_scen1,1800.0,1860.0,1187557611,13.14,3.71,5.65,18.0,18.0
scen2,ed_port_scen1,1800.0,1860.0,1187557612,10.49,8.96,4.35,17.0,18.0
scen2,ed_port_scen1,1800.0,1860.0,1211925684,1.49,27.46,17.55,5.0,12.0
scen2,ed_port_scen1,1800.0,1860.0,1211925690,1.96,20.45,25.14,12.0,12.0
scen2,ed_port_scen1,1800.0,1860.0,1443544287#1,0.5,112.63,9.97,0.0,5.0
scen2,ed_port_scen1,1800.0,1860.0,22690115,13.27,58.58,5.6,18.0,17.0
scen2,ed_port_scen1,1800.0,1860.0,22690125#0,10.54,9.51,6.83,17.0,18.0
scen2,ed_port_scen1,1800.0,1860.0,22690125#1,10.71,9.51,6.98,18.0,17.0
scen2,ed_port_scen1,1800.0,1860.0,22690125#2,10.95,8.05,6.25,17.0,16.0
scen2,ed_port_scen1,1800.0,1860.0,22740417#0,6.92,0.32,6.21,18.0,18.0
scen2,ed_port_scen1,1800.0,1860.0,22740417#1,3.08,2.19,23.41,18.0,19.0
scen2,ed_port_scen1,1800.0,1860.0,22740417#5,8.23,0.28,6.1,18.0,18.0
scen2,ed_port_scen1,1800.0,1860.0,22740434#0,12.8,14.19,4.21,20.0,18.0
scen2,ed_port_scen1,1800.0,1860.0,22740434#1,13.38,1.86,3.71,18.0,18.0
scen2,ed_port_scen1,1800.0,1860.0,22740446#5,9.85,3.25,5.35,18.0,19.0
scen2,ed_port_scen1,1800.0,1860.0,559367542,7.08,9.09,10.45,0.0,18.0
scen2,ed_port_scen1,1800.0,1860.0,626699047,5.17,8.94,20.31,12.0,13.0
scen2,ed_port_scen1,1800.0,1860.0,657270567#0,9.38,5.7,6.05,20.0,21.0
scen2,ed_port_scen1,1800.0,1860.0,657270567#1,8.39,25.09,7.12,22.0,19.0
scen2,ed_port_scen1,1800.0,1860.0,657270567#2,8.25,30.88,5.13,19.0,11.0
scen2,ed_port_scen1,1800.0,1860.0,668507066#0,13.14,1.44,3.72,16.0,18.0
scen2,ed_port_scen1,1800.0,1860.0,668507066#1,13.35,3.1,3.65,18.0,18.0
scen2,ed_port_scen1,1800.0,1860.0,668507066#2,13.15,11.38,3.69,18.0,17.0
scen2,ed_port_scen1,1800.0,1860.0,669284456,1.96,28.24,25.11,12.0,12.0
scen2,ed_port_scen1,1800.0,1860.0,669871305#0,0.1,35.58,5.0,2.0,2.0
scen2,ed_port_scen1,1800.0,1860.0,669871305#1,0.14,528.28,6.9,2.0,1.0
scen2,ed_port_scen1,1800.0,1860.0,669871307#0,0.0,,16.67,0.0,0.0
scen2,ed_port_scen1,1800.0,1860.0,669871307#1,0.03,5123.39,11.05,0.0,1.0
scen2,ed_port_scen1,1800.0,1860.0,669871307#2,0.24,153.77,10.77,1.0,2.0
scen2,ed_port_scen1,1800.0,1860.0,671267430,0.02,394.64,13.13,1.0,1.0
scen2,ed_port_scen1,1800.0,1860.0,92848439#0,10.84,3.06,4.34,18.0,17.0
scen2,ed_port_scen1,1800.0,1860.0,92848439#1,10.59,0.7,4.46,16.0,17.0
scen2,ed_port_scen1,1800.0,1860.0,92848439#2,9.3,2.88,5.41,17.0,18.0
scen2,ed_port_scen1,1800.0,1860.0,92848448#0,1.93,11.91,50.63,12.0,12.0
scen2,ed_port_scen1,1800.0,1860.0,92848448#1,1.89,66.97,50.67,11.0,12.0
scen2,ed_port_scen1,1800.0,1860.0,E0,4.11,7.09,32.93,15.0,17.0
scen2,ed_port_scen1,1800.0,1860.0,E11,1.89,2.0,44.64,12.0,11.0
scen2,ed_port_scen1,1800.0,1860.0,E12,1.57,19.05,32.62,11.0,11.0
scen2,ed_port_scen1,1800.0,1860.0,E2,1.98,4.85,49.56,12.0,11.0
scen2,ed_port_scen1,1800.0,1860.0,E20,2.24,47.89,48.41,13.0,13.0
scen2,ed_port_scen1,1800.0,1860.0,E21,2.03,30.58,49.99,12.0,12.0
scen2,ed_port_scen1,1800.0,1860.0,E3,1.54,27.4,20.85,12.0,11.0
scen2,ed_port_scen1,1860.0,1920.0,-542415699#1,2.2,43.06,42.07,13.0,12.0
scen2,ed_port_scen1,1860.0,1920.0,-542415699#2,3.44,43.67,41.32,17.0,13.0
scen2,ed_port_scen1,1860.0,1920.0,-542415699#3.55,3.83,51.32,36.76,18.0,17.0
scen2,ed_port_scen1,1860.0,1920.0,1187557611,13.07,3.73,5.73,18.0,18.0
scen2,ed_port_scen1,1860.0,1920.0,1187557612,9.96,9.48,5.24,18.0,18.0
scen2,ed_port_scen1,1860.0,1920.0,1211925684,2.51,,0.08,0.0,0.0
scen2,ed_port_scen1,1860.0,1920.0,1211925690,1.78,22.75,8.35,1.0,5.0
scen2,ed_port_scen1,1860.0,1920.0,22690115,13.36,58.17,5.72,19.0,18.0
scen2,ed_port_scen1,1860.0,1920.0,22690125#0,10.61,9.43,7.14,18.0,18.0
scen2,ed_port_scen1,1860.0,1920.0,22690125#1,10.51,9.68,7.14,18.0,19.0
scen2,ed_port_scen1,1860.0,1920.0,22690125#2,10.38,8.49,7.59,19.0,19.0
scen2,ed_port_scen1,1860.0,1920.0,22740417#0,10.57,0.21,3.83,17.0,16.0
scen2,ed_port_scen1,1860.0,1920.0,22740417#1,9.19,0.6,4.92,16.0,15.0
scen2,ed_port_scen1,1860.0,1920.0,22740417#5,10.57,0.25,4.38,17.0,17.0
scen2,ed_port_scen1,1860.0,1920.0,22740434#0,13.3,13.65,3.28,14.0,18.0
scen2,ed_port_scen1,1860.0,1920.0,22740434#1,13.33,1.87,3.7,18.0,18.0
scen2,ed_port_scen1,1860.0,1920.0,22740446#5,10.53,3.05,5.05,20.0,19.0
scen2,ed_port_scen1,1860.0,1920.0,559367542,7.2,8.95,10.6,0.0,19.0
scen2,ed_port_scen1,1860.0,1920.0,626699047,5.32,8.81,35.83,24.0,22.0
scen2,ed_port_scen1,1860.0,1920.0,657270567#0,10.61,5.07,5.08,19.0,19.0
scen2,ed_port_scen1,1860.0,1920.0,657270567#1,10.38,20.3,4.95,19.0,19.0
scen2,ed_port_scen1,1860.0,1920.0,657270567#2,8.88,28.43,7.19,19.0,24.0
scen2,ed_port_scen1,1860.0,1920.0,668507066#0,12.82,1.47,3.9,18.0,18.0
scen2,ed_port_scen1,1860.0,1920.0,668507066#1,13.19,3.14,3.78,18.0,19.0
scen2,ed_port_scen1,1860.0,1920.0,668507066#2,12.96,11.52,3.59,18.0,18.0
scen2,ed_port_scen1,1860.0,1920.0,669284456,1.93,28.6,22.17,7.0,12.0
scen2,ed_port_scen1,1860.0,1920.0,669871305#0,0.0,,5.49,0.0,0.0
scen2,ed_port_scen1,1860.0,1920.0,669871305#1,0.0,100000.0,7.03,0.0,0.0
scen2,ed_port_scen1,1860.0,1920.0,669871307#0,0.15,,4.88,0.0,0.0
scen2,ed_port_scen1,1860.0,1920.0,669871307#1,0.23,577.67,10.35,1.0,1.0
scen2,ed_port_scen1,1860.0,1920.0,669871307#2,0.01,2665.47,11.19,1.0,0.0
scen2,ed_port_scen1,1860.0,1920.0,671267430,0.0,,14.19,1.0,1.0
scen2,ed_port_scen1,1860.0,1920.0,92848439#0,10.86,3.05,4.62,18.0,18.0
scen2,ed_port_scen1,1860.0,1920.0,92848439#1,10.73,0.69,4.66,19.0,18.0
scen2,ed_port_scen1,1860.0,1920.0,92848439#2,9.27,2.91,5.56,18.0,19.0
scen2,ed_port_scen1,1860.0,1920.0,92848448#0,1.96,11.63,50.16,12.0,12.0
scen2,ed_port_scen1,1860.0,1920.0,92848448#1,1.99,63.75,50.01,12.0,11.0
scen2,ed_port_scen1,1860.0,1920.0,E0,4.22,6.85,38.08,21.0,18.0
scen2,ed_port_scen1,1860.0,1920.0,E11,1.95,1.65,55.02,11.0,12.0
scen2,ed_port_scen1,1860.0,1920.0,E12,1.81,16.58,37.14,12.0,11.0
scen2,ed_port_scen1,1860.0,1920.0,E2,1.84,5.3,51.58,11.0,12.0
scen2,ed_port_scen1,1860.0,1920.0,E20,1.82,58.92,50.94,12.0,12.0
scen2,ed_port_scen1,1860.0,1920.0,E21,1.87,32.78,50.36,12.0,11.0
scen2,ed_port_scen1,1860.0,1920.0,E3,1.67,25.33,26.62,11.0,11.0
scen2,ed_port_scen1,1920.0,1980.0,-542415699#1,1.84,51.52,50.86,11.0,11.0
scen2,ed_port_scen1,1920.0,1980.0,-542415699#2,1.98,76.01,49.43,14.0,11.0
scen2,ed_port_scen1,1920.0,1980.0,-542415699#3.55,2.91,67.37,45.47,18.0,14.0
scen2,ed_port_scen1,1920.0,1980.0,1187557611,10.98,4.4,7.13,18.0,19.0
scen2,ed_port_scen1,1920.0,1980.0,1187557612,10.03,9.39,4.64,19.0,17.0
scen2,ed_port_scen1,1920.0,1980.0,22690115,13.35,58.21,5.79,18.0,19.0
scen2,ed_port_scen1,1920.0,1980.0,22690125#0,10.4,9.63,7.43,19.0,19.0
scen2,ed_port_scen1,1920.0,1980.0,22690125#1,10.49,9.7,7.27,18.0,18.0
scen2,ed_port_scen1,1920.0,1980.0,22690125#2,10.55,8.35,7.27,18.0,18.0
scen2,ed_port_scen1,1920.0,1980.0,22740417#0,8.15,0.29,5.41,17.0,18.0
scen2,ed_port_scen1,1920.0,1980.0,22740417#1,7.52,0.68,7.26,18.0,19.0
scen2,ed_port_scen1,1920.0,1980.0,22740417#5,7.26,0.41,6.62,17.0,17.0
scen2,ed_port_scen1,1920.0,1980.0,22740434#0,12.95,14.02,4.15,20.0,18.0
scen2,ed_port_scen1,1920.0,1980.0,22740434#1,12.87,1.93,3.88,17.0,18.0
scen2,ed_port_scen1,1920.0,1980.0,22740446#5,8.48,3.79,5.02,15.0,15.0
scen2,ed_port_scen1,1920.0,1980.0,559367542,6.99,9.21,10.61,0.0,18.0
scen2,ed_port_scen1,1920.0,1980.0,626699047,3.71,12.64,41.7,19.0,18.0
scen2,ed_port_scen1,1920.0,1980.0,657270567#0,9.1,5.94,4.02,14.0,13.0
scen2,ed_port_scen1,1920.0,1980.0,657270567#1,10.29,20.45,3.68,12.0,16.0
scen2,ed_port_scen1,1920.0,1980.0,657270567#2,8.12,30.76,5.82,16.0,19.0
scen2,ed_port_scen1,1920.0,1980.0,668507066#0,12.9,1.47,3.87,19.0,18.0
scen2,ed_port_scen1,1920.0,1980.0,668507066#1,13.38,3.09,3.6,17.0,17.0
scen2,ed_port_scen1,1920.0,1980.0,668507066#2,13.09,11.41,4.1,18.0,19.0
scen2,ed_port_scen1,1920.0,1980.0,669284456,2.08,29.21,0.37,0.0,1.0
scen2,ed_port_scen1,1920.0,1980.0,669871305#0,0.0,,5.49,0.0,0.0
scen2,ed_port_scen1,1920.0,1980.0,669871305#1,0.0,,7.03,0.0,0.0
scen2,ed_port_scen1,1920.0,1980.0,669871307#1,0.0,,10.52,0.0,0.0
scen2,ed_port_scen1,1920.0,1980.0,669871307#2,0.0,,11.22,0.0,0.0
scen2,ed_port_scen1,1920.0,1980.0,671267430,0.0,,14.19,0.0,0.0
scen2,ed_port_scen1,1920.0,1980.0,92848439#0,8.26,4.01,6.34,18.0,18.0
scen2,ed_port_scen1,1920.0,1980.0,92848439#1,7.87,0.94,6.69,18.0,19.0
scen2,ed_port_scen1,1920.0,1980.0,92848439#2,7.64,3.54,6.32,18.0,17.0
scen2,ed_port_scen1,1920.0,1980.0,92848448#0,1.93,11.62,14.71,2.0,4.0
scen2,ed_port_scen1,1920.0,1980.0,92848448#1,2.02,63.28,42.5,5.0,13.0
scen2,ed_port_scen1,1920.0,1980.0,E0,3.53,8.26,42.82,18.0,18.0
scen2,ed_port_scen1,1920.0,1980.0,E11,2.05,1.46,46.86,13.0,12.0
scen2,ed_port_scen1,1920.0,1980.0,E12,1.84,16.31,42.72,12.0,12.0
scen2,ed_port_scen1,1920.0,1980.0,E2,1.86,5.29,50.01,12.0,11.0
scen2,ed_port_scen1,1920.0,1980.0,E20,1.83,58.69,50.98,11.0,11.0
scen2,ed_port_scen1,1920.0,1980.0,E21,1.83,33.87,51.04,11.0,12.0
scen2,ed_port_scen1,1920.0,1980.0,E3,1.69,25.06,31.59,12.0,11.0
scen2,ed_port_scen1,1980.0,2040.0,-542415699#1,2.05,46.35,49.63,12.0,12.0
scen2,ed_port_scen1,1980.0,2040.0,-542415699#2,1.92,78.91,50.47,11.0,12.0
scen2,ed_port_scen1,1980.0,2040.0,-542415699#3.55,1.82,108.39,50.99,11.0,11.0
scen2,ed_port_scen1,1980.0,2040.0,1187557611,12.89,3.77,5.9,18.0,18.0
scen2,ed_port_scen1,1980.0,2040.0,1187557612,10.04,9.45,5.27,17.0,17.0
scen2,ed_port_scen1,1980.0,2040.0,22690115,13.36,58.16,5.61,17.0,18.0
scen2,ed_port_scen1,1980.0,2040.0,22690125#0,10.31,9.7,7.54,18.0,19.0
scen2,ed_port_scen1,1980.0,2040.0,22690125#1,10.04,10.13,7.72,20.0,19.0
scen2,ed_port_scen1,1980.0,2040.0,22690125#2,10.16,8.68,7.18,19.0,18.0
scen2,ed_port_scen1,1980.0,2040.0,22740417#0,10.78,0.2,4.14,18.0,18.0
scen2,ed_port_scen1,1980.0,2040.0,22740417#1,7.29,0.83,8.12,18.0,18.0
scen2,ed_port_scen1,1980.0,2040.0,22740417#5,11.17,0.24,4.3,18.0,18.0
scen2,ed_port_scen1,1980.0,2040.0,22740434#0,13.27,13.68,3.61,17.0,18.0
scen2,ed_port_scen1,1980.0,2040.0,22740434#1,13.4,1.86,3.73,18.0,18.0
scen2,ed_port_scen1,1980.0,2040.0,22740446#5,8.55,3.75,6.67,20.0,21.0
scen2,ed_port_scen1,1980.0,2040.0,559367542,6.92,9.31,10.41,0.0,17.0
scen2,ed_port_scen1,1980.0,2040.0,626699047,1.95,24.28,41.55,7.0,12.0
scen2,ed_port_scen1,1980.0,2040.0,657270567#0,8.1,6.61,7.78,22.0,23.0
scen2,ed_port_scen1,1980.0,2040.0,657270567#1,7.28,28.96,8.01,23.0,17.0
scen2,ed_port_scen1,1980.0,2040.0,657270567#2,6.54,38.02,4.19,17.0,7.0
scen2,ed_port_scen1,1980.0,2040.0,668507066#0,13.01,1.46,3.86,18.0,18.0
scen2,ed_port_scen1,1980.0,2040.0,668507066#1,13.31,3.11,4.0,19.0,19.0
scen2,ed_port_scen1,1980.0,2040.0,668507066#2,13.01,11.46,3.83,18.0,17.0
scen2,ed_port_scen1,1980.0,2040.0,669871305#0,0.0,,5.49,0.0,0.0
scen2,ed_port_scen1,1980.0,2040.0,669871305#1,0.0,,7.03,0.0,0.0
scen2,ed_port_scen1,1980.0,2040.0,669871307#1,0.0,,10.52,0.0,0.0
scen2,ed_port_scen1,1980.0,2040.0,669871307#2,0.0,,11.22,0.0,0.0
scen2,ed_port_scen1,1980.0,2040.0,671267430,0.0,,14.19,0.0,0.0
scen2,ed_port_scen1,1980.0,2040.0,92848439#0,10.14,3.26,5.06,19.0,19.0
scen2,ed_port_scen1,1980.0,2040.0,92848439#1,9.78,0.77,5.14,19.0,18.0
scen2,ed_port_scen1,1980.0,2040.0,92848439#2,8.88,3.01,5.98,19.0,19.0
scen2,ed_port_scen1,1980.0,2040.0,92848448#1,2.03,61.46,5.02,0.0,5.0
scen2,ed_port_scen1,1980.0,2040.0,E0,1.75,16.42,51.61,11.0,11.0
scen2,ed_port_scen1,1980.0,2040.0,E11,2.18,1.79,27.31,6.0,7.0
scen2,ed_port_scen1,1980.0,2040.0,E12,1.81,16.54,33.91,7.0,10.0
scen2,ed_port_scen1,1980.0,2040.0,E2,2.0,4.56,50.7,12.0,12.0
scen2,ed_port_scen1,1980.0,2040.0,E20,2.05,52.58,49.61,12.0,12.0
scen2,ed_port_scen1,1980.0,2040.0,E21,2.05,30.23,49.67,12.0,12.0
scen2,ed_port_scen1,1980.0,2040.0,E3,1.82,23.2,37.01,12.0,11.0
scen2,ed_port_scen1,2040.0,2100.0,-542415699#1,2.0,47.66,49.95,12.0,12.0
scen2,ed_port_scen1,2040.0,2100.0,-542415699#2,2.03,74.2,49.73,12.0,12.0
scen2,ed_port_scen1,2040.0,2100.0,-542415699#3.55,2.04,96.72,49.66,12.0,12.0
scen2,ed_port_scen1,2040.0,2100.0,1187557611,12.96,3.74,4.94,17.0,15.0
scen2,ed_port_scen1,2040.0,2100.0,1187557612,9.95,9.52,5.02,19.0,20.0
scen2,ed_port_scen1,2040.0,2100.0,22690115,13.37,58.1,5.48,18.0,18.0
scen2,ed_port_scen1,2040.0,2100.0,22690125#0,10.45,9.58,7.01,18.0,17.0
scen2,ed_port_scen1,2040.0,2100.0,22690125#1,10.41,9.77,7.29,17.0,17.0
scen2,ed_port_scen1,2040.0,2100.0,22690125#2,10.29,8.56,7.59,17.0,18.0
scen2,ed_port_scen1,2040.0,2100.0,22740417#0,3.3,0.5,13.59,20.0,20.0
scen2,ed_port_scen1,2040.0,2100.0,22740417#1,2.22,3.09,33.05,19.0,18.0
scen2,ed_port_scen1,2040.0,2100.0,22740417#5,4.61,0.39,13.54,20.0,20.0
scen2,ed_port_scen1,2040.0,2100.0,22740434#0,12.46,14.59,3.75,18.0,16.0
scen2,ed_port_scen1,2040.0,2100.0,22740434#1,13.36,1.87,3.53,17.0,17.0
scen2,ed_port_scen1,2040.0,2100.0,22740446#5,10.03,3.2,4.2,15.0,16.0
scen2,ed_port_scen1,2040.0,2100.0,559367542,6.96,9.28,10.18,0.0,18.0
scen2,ed_port_scen1,2040.0,2100.0,626699047,2.71,17.07,43.32,16.0,12.0
scen2,ed_port_scen1,2040.0,2100.0,657270567#0,9.68,5.55,4.17,15.0,15.0
scen2,ed_port_scen1,2040.0,2100.0,657270567#1,9.19,22.9,5.09,16.0,20.0
scen2,ed_port_scen1,2040.0,2100.0,657270567#2,4.96,50.98,11.53,20.0,17.0
scen2,ed_port_scen1,2040.0,2100.0,668507066#0,12.97,1.46,3.89,18.0,18.0
scen2,ed_port_scen1,2040.0,2100.0,668507066#1,13.32,3.11,3.71,18.0,17.0
scen2,ed_port_scen1,2040.0,2100.0,668507066#2,13.05,11.41,3.81,18.0,19.0
scen2,ed_port_scen1,2040.0,2100.0,669871305#0,0.0,,5.49,0.0,0.0
scen2,ed_port_scen1,2040.0,2100.0,669871305#1,0.0,,7.03,0.0,0.0
scen2,ed_port_scen1,2040.0,2100.0,669871307#1,0.0,,10.52,0.0,0.0
scen2,ed_port_scen1,2040.0,2100.0,669871307#2,0.0,,11.22,0.0,0.0
scen2,ed_port_scen1,2040.0,2100.0,671267430,0.0,,14.19,0.0,0.0
scen2,ed_port_scen1,2040.0,2100.0,92848439#0,10.23,3.24,4.07,15.0,15.0
scen2,ed_port_scen1,2040.0,2100.0,92848439#1,10.13,0.74,4.36,15.0,16.0
scen2,ed_port_scen1,2040.0,2100.0,92848439#2,9.28,2.9,4.64,15.0,15.0
scen2,ed_port_scen1,2040.0,2100.0,E0,2.06,13.95,49.63,12.0,12.0
scen2,ed_port_scen1,2040.0,2100.0,E2,2.19,4.59,48.73,12.0,13.0
scen2,ed_port_scen1,2040.0,2100.0,E20,2.04,52.54,49.82,12.0,12.0
scen2,ed_port_scen1,2040.0,2100.0,E21,2.08,29.52,49.31,12.0,12.0
scen2,ed_port_scen1,2040.0,2100.0,E3,2.0,21.13,42.4,12.0,12.0
scen2,ed_port_scen1,2100.0,2160.0,-542415699#1,2.88,33.27,45.41,15.0,17.0
scen2,ed_port_scen1,2100.0,2160.0,-542415699#2,2.28,66.4,48.42,12.0,15.0
scen2,ed_port_scen1,2100.0,2160.0,-542415699#3.55,2.06,95.5,49.64,12.0,12.0
scen2,ed_port_scen1,2100.0,2160.0,1187557611,12.54,3.85,6.79,20.0,22.0
scen2,ed_port_scen1,2100.0,2160.0,1187557612,10.2,9.28,5.25,19.0,20.0
scen2,ed_port_scen1,2100.0,2160.0,22690115,13.35,58.2,5.46,18.0,17.0
scen2,ed_port_scen1,2100.0,2160.0,22690125#0,10.63,9.42,6.74,17.0,17.0
scen2,ed_port_scen1,2100.0,2160.0,22690125#1,10.8,9.43,6.58,17.0,18.0
scen2,ed_port_scen1,2100.0,2160.0,22690125#2,10.83,8.15,6.71,18.0,17.0
scen2,ed_port_scen1,2100.0,2160.0,22740417#0,5.73,0.32,8.9,19.0,19.0
scen2,ed_port_scen1,2100.0,2160.0,22740417#1,4.89,1.19,12.83,20.0,20.0
scen2,ed_port_scen1,2100.0,2160.0,22740417#5,7.78,0.3,6.75,20.0,19.0
scen2,ed_port_scen1,2100.0,2160.0,22740434#0,13.03,13.94,4.37,20.0,21.0
scen2,ed_port_scen1,2100.0,2160.0,22740434#1,13.39,1.86,4.15,20.0,20.0
scen2,ed_port_scen1,2100.0,2160.0,22740446#5,9.69,3.31,5.64,20.0,19.0
scen2,ed_port_scen1,2100.0,2160.0,559367542,7.1,9.07,10.33,0.0,18.0
scen2,ed_port_scen1,2100.0,2160.0,626699047,1.96,23.85,50.13,13.0,12.0
scen2,ed_port_scen1,2100.0,2160.0,657270567#0,9.46,5.67,5.61,19.0,19.0
scen2,ed_port_scen1,2100.0,2160.0,657270567#1,9.39,22.45,5.41,19.0,16.0
scen2,ed_port_scen1,2100.0,2160.0,657270567#2,2.64,96.31,13.61,16.0,12.0
scen2,ed_port_scen1,2100.0,2160.0,668507066#0,13.25,1.43,3.71,17.0,18.0
scen2,ed_port_scen1,2100.0,2160.0,668507066#1,13.4,3.09,3.84,18.0,19.0
scen2,ed_port_scen1,2100.0,2160.0,668507066#2,13.14,11.37,3.82,19.0,19.0
scen2,ed_port_scen1,2100.0,2160.0,669871305#0,0.0,112.23,5.01,1.0,1.0
scen2,ed_port_scen1,2100.0,2160.0,669871305#1,0.13,594.62,6.9,1.0,1.0
scen2,ed_port_scen1,2100.0,2160.0,669871307#1,0.0,,10.52,0.0,0.0
scen2,ed_port_scen1,2100.0,2160.0,669871307#2,0.05,988.15,11.11,0.0,0.0
scen2,ed_port_scen1,2100.0,2160.0,671267430,0.02,401.69,13.36,1.0,1.0
scen2,ed_port_scen1,2100.0,2160.0,92848439#0,10.05,3.29,5.91,22.0,21.0
scen2,ed_port_scen1,2100.0,2160.0,92848439#1,9.8,0.76,5.81,21.0,20.0
scen2,ed_port_scen1,2100.0,2160.0,92848439#2,8.69,3.11,6.51,21.0,20.0
scen2,ed_port_scen1,2100.0,2160.0,E0,1.94,14.87,49.89,12.0,12.0
scen2,ed_port_scen1,2100.0,2160.0,E2,2.18,4.5,20.52,5.0,5.0
scen2,ed_port_scen1,2100.0,2160.0,E20,3.8,28.48,41.53,17.0,21.0
scen2,ed_port_scen1,2100.0,2160.0,E21,5.4,11.4,33.34,21.0,22.0
scen2,ed_port_scen1,2100.0,2160.0,E22,5.07,8.48,24.8,17.0,13.0
scen2,ed_port_scen1,2100.0,2160.0,E23,3.48,7.21,26.74,12.0,10.0
scen2,ed_port_scen1,2100.0,2160.0,E3,1.84,22.97,31.51,6.0,10.0
scen2,ed_port_scen1,2100.0,2160.0,E5,2.14,3.94,29.39,9.0,8.0
scen2,ed_port_scen1,2100.0,2160.0,E6,0.8,73.55,1.46,8.0,7.0
scen2,ed_port_scen1,2160.0,2220.0,-542415699#1,3.75,25.35,38.11,17.0,17.0
scen2,ed_port_scen1,2160.0,2220.0,-542415699#2,3.76,40.19,38.74,18.0,17.0
scen2,ed_port_scen1,2160.0,2220.0,-542415699#3.55,2.98,66.39,45.02,15.0,18.0
scen2,ed_port_scen1,2160.0,2220.0,1187557611,12.97,3.75,5.43,16.0,17.0
scen2,ed_port_scen1,2160.0,2220.0,1187557612,10.17,9.3,4.72,16.0,16.0
scen2,ed_port_scen1,2160.0,2220.0,22690115,13.35,58.22,5.61,18.0,19.0
scen2,ed_port_scen1,2160.0,2220.0,22690125#0,10.85,9.22,7.0,18.0,19.0
scen2,ed_port_scen1,2160.0,2220.0,22690125#1,10.64,9.56,7.05,19.0,18.0
scen2,ed_port_scen1,2160.0,2220.0,22690125#2,10.63,8.28,6.93,17.0,19.0
scen2,ed_port_scen1,2160.0,2220.0,22740417#0,11.14,0.21,3.28,16.0,15.0
scen2,ed_port_scen1,2160.0,2220.0,22740417#1,8.69,0.66,4.87,15.0,16.0
scen2,ed_port_scen1,2160.0,2220.0,22740417#5,10.95,0.24,3.88,15.0,16.0
scen2,ed_port_scen1,2160.0,2220.0,22740434#0,13.25,13.7,3.46,17.0,16.0
scen2,ed_port_scen1,2160.0,2220.0,22740434#1,13.36,1.87,3.36,17.0,16.0
scen2,ed_port_scen1,2160.0,2220.0,22740446#5,10.3,3.12,5.29,20.0,20.0
scen2,ed_port_scen1,2160.0,2220.0,559367542,7.06,9.13,10.36,0.0,18.0
scen2,ed_port_scen1,2160.0,2220.0,626699047,2.4,19.66,48.12,13.0,14.0
scen2,ed_port_scen1,2160.0,2220.0,657270567#0,10.05,5.33,5.61,20.0,21.0
scen2,ed_port_scen1,2160.0,2220.0,657270567#1,6.32,32.79,8.72,21.0,15.0
scen2,ed_port_scen1,2160.0,2220.0,657270567#2,2.19,116.91,16.26,15.0,14.0
scen2,ed_port_scen1,2160.0,2220.0,668507066#0,13.03,1.46,3.95,19.0,18.0
scen2,ed_port_scen1,2160.0,2220.0,668507066#1,13.35,3.1,3.51,17.0,17.0
scen2,ed_port_scen1,2160.0,2220.0,668507066#2,13.14,11.37,3.69,17.0,16.0
scen2,ed_port_scen1,2160.0,2220.0,669871305#0,0.0,,5.5,0.0,0.0
scen2,ed_port_scen1,2160.0,2220.0,669871305#1,0.01,12949.74,7.03,0.0,0.0
scen2,ed_port_scen1,2160.0,2220.0,669871307#1,0.13,1075.59,9.97,0.0,1.0
scen2,ed_port_scen1,2160.0,2220.0,669871307#2,0.08,422.87,11.08,1.0,1.0
scen2,ed_port_scen1,2160.0,2220.0,671267430,0.0,,14.19,0.0,0.0
scen2,ed_port_scen1,2160.0,2220.0,92848439#0,10.51,3.15,4.43,16.0,17.0
scen2,ed_port_scen1,2160.0,2220.0,92848439#1,10.32,0.72,4.7,17.0,18.0
scen2,ed_port_scen1,2160.0,2220.0,92848439#2,9.17,2.95,5.56,17.0,19.0
scen2,ed_port_scen1,2160.0,2220.0,E0,2.51,11.57,47.81,14.0,15.0
scen2,ed_port_scen1,2160.0,2220.0,E20,2.66,40.05,44.97,17.0,12.0
scen2,ed_port_scen1,2160.0,2220.0,E21,1.84,33.75,50.81,12.0,11.0
scen2,ed_port_scen1,2160.0,2220.0,E22,1.82,24.26,51.53,11.0,11.0
scen2,ed_port_scen1,2160.0,2220.0,E23,1.85,13.53,50.36,11.0,11.0
scen2,ed_port_scen1,2160.0,2220.0,E5,1.79,4.81,51.36,11.0,11.0
scen2,ed_port_scen1,2160.0,2220.0,E6,1.27,46.47,7.06,11.0,10.0
scen2,ed_port_scen1,2220.0,2280.0,-542415699#1,1.94,48.81,49.53,13.0,10.0
scen2,ed_port_scen1,2220.0,2280.0,-542415699#2,2.51,59.57,47.32,16.0,13.0
scen2,ed_port_scen1,2220.0,2280.0,-542415699#3.55,3.23,60.89,44.09,18.0,16.0
scen2,ed_port_scen1,2220.0,2280.0,1187557611,12.93,3.76,5.77,18.0,18.0
scen2,ed_port_scen1,2220.0,2280.0,1187557612,10.58,8.93,4.26,17.0,18.0
scen2,ed_port_scen1,2220.0,2280.0,22690115,13.33,58.3,5.66,18.0,17.0
scen2,ed_port_scen1,2220.0,2280.0,22690125#0,10.78,9.28,6.93,18.0,18.0
scen2,ed_port_scen1,2220.0,2280.0,22690125#1,10.88,9.36,6.85,17.0,18.0
scen2,ed_port_scen1,2220.0,2280.0,22690125#2,10.94,8.05,6.94,19.0,18.0
scen2,ed_port_scen1,2220.0,2280.0,22740417#0,9.51,0.21,5.14,19.0,20.0
scen2,ed_port_scen1,2220.0,2280.0,22740417#1,8.68,0.6,6.73,20.0,20.0
scen2,ed_port_scen1,2220.0,2280.0,22740417#5,10.77,0.24,4.69,19.0,19.0
scen2,ed_port_scen1,2220.0,2280.0,22740434#0,13.2,13.75,4.13,20.0,19.0
scen2,ed_port_scen1,2220.0,2280.0,22740434#1,13.38,1.86,3.89,19.0,18.0
scen2,ed_port_scen1,2220.0,2280.0,22740446#5,10.27,3.13,4.83,18.0,18.0
scen2,ed_port_scen1,2220.0,2280.0,559367542,7.28,8.84,9.69,0.0,18.0
scen2,ed_port_scen1,2220.0,2280.0,626699047,3.43,13.84,43.49,18.0,18.0
scen2,ed_port_scen1,2220.0,2280.0,657270567#0,10.15,5.29,5.04,18.0,18.0
scen2,ed_port_scen1,2220.0,2280.0,657270567#1,3.66,57.0,11.51,18.0,16.0
scen2,ed_port_scen1,2220.0,2280.0,657270567#2,3.27,78.16,14.63,15.0,17.0
scen2,ed_port_scen1,2220.0,2280.0,668507066#0,13.09,1.44,3.88,18.0,18.0
scen2,ed_port_scen1,2220.0,2280.0,668507066#1,13.24,3.13,3.85,19.0,19.0
scen2,ed_port_scen1,2220.0,2280.0,668507066#2,13.14,11.38,3.79,19.0,17.0
scen2,ed_port_scen1,2220.0,2280.0,669871305#0,0.0,,5.5,0.0,0.0
scen2,ed_port_scen1,2220.0,2280.0,669871305#1,0.0,,7.03,0.0,0.0
scen2,ed_port_scen1,2220.0,2280.0,669871307#1,0.0,,9.92,0.0,0.0
scen2,ed_port_scen1,2220.0,2280.0,669871307#2,0.0,,11.22,0.0,0.0
scen2,ed_port_scen1,2220.0,2280.0,671267430,0.0,,14.19,0.0,0.0
scen2,ed_port_scen1,2220.0,2280.0,92848439#0,10.41,3.18,4.98,19.0,18.0
scen2,ed_port_scen1,2220.0,2280.0,92848439#1,10.23,0.73,4.9,18.0,18.0
scen2,ed_port_scen1,2220.0,2280.0,92848439#2,9.14,2.95,5.84,19.0,19.0
scen2,ed_port_scen1,2220.0,2280.0,E0,3.46,8.44,43.42,18.0,18.0
scen2,ed_port_scen1,2220.0,2280.0,E20,1.88,57.48,50.48,11.0,12.0
scen2,ed_port_scen1,2220.0,2280.0,E21,1.86,33.44,51.04,12.0,12.0
scen2,ed_port_scen1,2220.0,2280.0,E22,1.92,22.76,50.48,12.0,11.0
scen2,ed_port_scen1,2220.0,2280.0,E23,2.01,12.46,49.65,12.0,12.0
scen2,ed_port_scen1,2220.0,2280.0,E5,1.97,4.63,50.38,12.0,12.0
scen2,ed_port_scen1,2220.0,2280.0,E6,1.64,36.05,12.16,12.0,12.0
scen2,ed_port_scen1,2280.0,2340.0,-542415699#1,2.01,47.25,49.98,12.0,12.0
scen2,ed_port_scen1,2280.0,2340.0,-542415699#2,1.92,78.78,50.39,11.0,12.0
scen2,ed_port_scen1,2280.0,2340.0,-542415699#3.55,1.86,106.12,50.79,12.0,11.0
scen2,ed_port_scen1,2280.0,2340.0,1187557611,12.9,3.77,5.86,19.0,18.0
scen2,ed_port_scen1,2280.0,2340.0,1187557612,10.1,9.36,5.01,19.0,17.0
scen2,ed_port_scen1,2280.0,2340.0,22690115,13.29,58.36,2.8,0.0,18.0
scen2,ed_port_scen1,2280.0,2340.0,22690125#0,10.08,9.94,7.45,18.0,17.0
scen2,ed_port_scen1,2280.0,2340.0,22690125#1,10.22,9.96,7.39,18.0,18.0
scen2,ed_port_scen1,2280.0,2340.0,22690125#2,10.26,8.59,7.22,18.0,17.0
scen2,ed_port_scen1,2280.0,2340.0,22740417#0,8.51,0.24,4.84,17.0,17.0
scen2,ed_port_scen1,2280.0,2340.0,22740417#1,5.53,1.1,10.02,17.0,16.0
scen2,ed_port_scen1,2280.0,2340.0,22740417#5,9.53,0.27,4.63,17.0,17.0
scen2,ed_port_scen1,2280.0,2340.0,22740434#0,13.07,13.9,3.61,16.0,18.0
scen2,ed_port_scen1,2280.0,2340.0,22740434#1,13.37,1.87,3.76,17.0,19.0
scen2,ed_port_scen1,2280.0,2340.0,22740446#5,10.21,3.13,4.46,16.0,16.0
scen2,ed_port_scen1,2280.0,2340.0,626699047,2.24,21.22,48.76,13.0,13.0
scen2,ed_port_scen1,2280.0,2340.0,657270567#0,9.87,5.44,4.64,17.0,16.0
scen2,ed_port_scen1,2280.0,2340.0,657270567#1,3.97,52.91,12.28,16.0,18.0
scen2,ed_port_scen1,2280.0,2340.0,657270567#2,2.8,90.63,15.33,18.0,14.0
scen2,ed_port_scen1,2280.0,2340.0,668507066#0,12.94,1.46,3.53,17.0,17.0
scen2,ed_port_scen1,2280.0,2340.0,668507066#1,13.36,3.1,3.5,17.0,16.0
scen2,ed_port_scen1,2280.0,2340.0,668507066#2,13.07,11.4,3.63,16.0,19.0
scen2,ed_port_scen1,2280.0,2340.0,669871305#0,0.0,,5.5,0.0,0.0
scen2,ed_port_scen1,2280.0,2340.0,669871305#1,0.0,,7.03,0.0,0.0
scen2,ed_port_scen1,2280.0,2340.0,669871307#1,0.0,,9.92,0.0,0.0
scen2,ed_port_scen1,2280.0,2340.0,669871307#2,0.0,,11.22,0.0,0.0
scen2,ed_port_scen1,2280.0,2340.0,671267430,0.0,,14.19,0.0,0.0
scen2,ed_port_scen1,2280.0,2340.0,92848439#0,10.51,3.15,4.62,17.0,18.0
scen2,ed_port_scen1,2280.0,2340.0,92848439#1,10.25,0.73,4.79,18.0,18.0
scen2,ed_port_scen1,2280.0,2340.0,92848439#2,9.51,2.82,4.81,17.0,16.0
scen2,ed_port_scen1,2280.0,2340.0,E0,2.09,13.84,49.73,13.0,12.0
scen2,ed_port_scen1,2280.0,2340.0,E20,1.93,55.89,50.49,11.0,12.0
scen2,ed_port_scen1,2280.0,2340.0,E21,2.1,29.49,49.26,12.0,12.0
scen2,ed_port_scen1,2280.0,2340.0,E22,2.07,20.89,49.79,12.0,12.0
scen2,ed_port_scen1,2280.0,2340.0,E23,2.12,11.95,49.02,12.0,12.0
scen2,ed_port_scen1,2280.0,2340.0,E5,1.99,4.47,49.74,12.0,12.0
scen2,ed_port_scen1,2280.0,2340.0,E6,1.77,33.33,17.54,12.0,11.0
scen2,ed_port_scen1,2340.0,2400.0,-542415699#1,1.99,48.0,50.06,12.0,12.0
scen2,ed_port_scen1,2340.0,2400.0,-542415699#2,2.07,72.99,49.46,12.0,12.0
scen2,ed_port_scen1,2340.0,2400.0,-542415699#3.55,1.97,100.11,50.2,12.0,12.0
scen2,ed_port_scen1,2340.0,2400.0,1187557611,12.6,3.83,5.18,15.0,16.0
scen2,ed_port_scen1,2340.0,2400.0,1187557612,9.7,9.76,4.66,14.0,18.0
scen2,ed_port_scen1,2340.0,2400.0,22690125#0,10.51,9.46,0.44,0.0,3.0
scen2,ed_port_scen1,2340.0,2400.0,22690125#1,9.76,10.44,1.75,3.0,5.0
scen2,ed_port_scen1,2340.0,2400.0,22690125#2,10.31,8.55,2.88,5.0,9.0
scen2,ed_port_scen1,2340.0,2400.0,22740417#0,7.53,0.38,5.35,18.0,18.0
scen2,ed_port_scen1,2340.0,2400.0,22740417#1,4.54,1.44,13.46,17.0,16.0
scen2,ed_port_scen1,2340.0,2400.0,22740417#5,7.23,0.3,7.27,18.0,18.0
scen2,ed_port_scen1,2340.0,2400.0,22740434#0,13.13,13.83,3.35,16.0,15.0
scen2,ed_port_scen1,2340.0,2400.0,22740434#1,13.36,1.87,3.29,16.0,15.0
scen2,ed_port_scen1,2340.0,2400.0,22740446#5,10.18,3.16,5.04,18.0,19.0
scen2,ed_port_scen1,2340.0,2400.0,626699047,1.95,24.12,50.18,12.0,11.0
scen2,ed_port_scen1,2340.0,2400.0,657270567#0,10.28,5.24,4.82,18.0,17.0
scen2,ed_port_scen1,2340.0,2400.0,657270567#1,2.51,83.08,14.83,17.0,11.0
scen2,ed_port_scen1,2340.0,2400.0,657270567#2,1.88,136.13,16.91,11.0,12.0
scen2,ed_port_scen1,2340.0,2400.0,668507066#0,12.9,1.46,2.08,9.0,10.0
scen2,ed_port_scen1,2340.0,2400.0,668507066#1,13.31,3.11,2.32,10.0,12.0
scen2,ed_port_scen1,2340.0,2400.0,668507066#2,13.09,11.38,2.76,12.0,14.0
scen2,ed_port_scen1,2340.0,2400.0,669871305#0,0.0,,5.5,0.0,0.0
scen2,ed_port_scen1,2340.0,2400.0,669871305#1,0.0,,7.03,0.0,0.0
scen2,ed_port_scen1,2340.0,2400.0,669871307#1,0.0,,9.92,0.0,0.0
scen2,ed_port_scen1,2340.0,2400.0,669871307#2,0.0,,11.22,0.0,0.0
scen2,ed_port_scen1,2340.0,2400.0,671267430,0.0,,14.19,0.0,0.0
scen2,ed_port_scen1,2340.0,2400.0,92848439#0,10.1,3.28,4.51,17.0,17.0
scen2,ed_port_scen1,2340.0,2400.0,92848439#1,10.04,0.74,4.79,17.0,17.0
scen2,ed_port_scen1,2340.0,2400.0,92848439#2,9.6,2.8,5.13,17.0,18.0
scen2,ed_port_scen1,2340.0,2400.0,E0,2.0,14.5,49.64,12.0,12.0
scen2,ed_port_scen1,2340.0,2400.0,E20,1.99,53.75,50.06,12.0,11.0
scen2,ed_port_scen1,2340.0,2400.0,E21,1.91,32.69,50.56,11.0,11.0
scen2,ed_port_scen1,2340.0,2400.0,E22,1.78,24.63,51.7,11.0,11.0
scen2,ed_port_scen1,2340.0,2400.0,E23,1.88,13.39,49.8,11.0,11.0
scen2,ed_port_scen1,2340.0,2400.0,E5,1.81,5.21,50.62,11.0,11.0
scen2,ed_port_scen1,2340.0,2400.0,E6,1.65,35.71,23.91,11.0,11.0
scen2,ed_port_scen1,2400.0,2460.0,-542415699#1,2.01,47.37,49.97,12.0,12.0
scen2,ed_port_scen1,2400.0,2460.0,-542415699#2,1.84,82.19,51.0,12.0,12.0
scen2,ed_port_scen1,2400.0,2460.0,-542415699#3.55,1.99,99.08,50.15,12.0,12.0
scen2,ed_port_scen1,2400.0,2460.0,1187557611,13.0,3.74,2.55,8.0,8.0
scen2,ed_port_scen1,2400.0,2460.0,22740417#0,0.95,,0.5,0.0,0.0
scen2,ed_port_scen1,2400.0,2460.0,22740417#1,2.23,4.32,3.49,1.0,3.0
scen2,ed_port_scen1,2400.0,2460.0,22740434#0,12.73,14.29,0.98,3.0,7.0
scen2,ed_port_scen1,2400.0,2460.0,22740434#1,13.38,1.86,1.49,7.0,8.0
scen2,ed_port_scen1,2400.0,2460.0,22740446#5,9.97,3.22,3.06,11.0,11.0
scen2,ed_port_scen1,2400.0,2460.0,626699047,2.04,23.22,49.92,12.0,13.0
scen2,ed_port_scen1,2400.0,2460.0,657270567#0,4.09,12.19,8.62,12.0,13.0
scen2,ed_port_scen1,2400.0,2460.0,657270567#1,1.94,108.92,16.76,12.0,11.0
scen2,ed_port_scen1,2400.0,2460.0,657270567#2,2.02,126.04,16.57,12.0,12.0
scen2,ed_port_scen1,2400.0,2460.0,669871305#0,0.0,,5.32,0.0,1.0
scen2,ed_port_scen1,2400.0,2460.0,669871305#1,0.14,592.4,6.86,1.0,3.0
scen2,ed_port_scen1,2400.0,2460.0,669871307#1,0.0,,9.92,0.0,0.0
scen2,ed_port_scen1,2400.0,2460.0,669871307#2,0.0,,11.22,0.0,0.0
scen2,ed_port_scen1,2400.0,2460.0,671267430,0.39,24.43,19.42,6.0,2.0
scen2,ed_port_scen1,2400.0,2460.0,92848439#0,10.16,3.27,2.46,8.0,9.0
scen2,ed_port_scen1,2400.0,2460.0,92848439#1,10.28,0.72,2.43,9.0,9.0
scen2,ed_port_scen1,2400.0,2460.0,92848439#2,9.57,2.81,2.91,10.0,10.0
scen2,ed_port_scen1,2400.0,2460.0,92848448#2.33,5.01,16.19,0.01,1.0,0.0
scen2,ed_port_scen1,2400.0,2460.0,E0,1.96,14.86,50.3,12.0,12.0
scen2,ed_port_scen1,2400.0,2460.0,E15,3.89,6.42,2.28,2.0,1.0
scen2,ed_port_scen1,2400.0,2460.0,E16,4.72,0.79,1.7,1.0,1.0
scen2,ed_port_scen1,2400.0,2460.0,E20,2.07,52.02,49.68,13.0,13.0
scen2,ed_port_scen1,2400.0,2460.0,E21,2.12,29.25,49.37,13.0,13.0
scen2,ed_port_scen1,2400.0,2460.0,E22,2.21,19.67,49.16,12.0,13.0
scen2,ed_port_scen1,2400.0,2460.0,E23,2.22,11.29,48.28,13.0,12.0
scen2,ed_port_scen1,2400.0,2460.0,E5,2.13,4.18,49.13,13.0,13.0
scen2,ed_port_scen1,2400.0,2460.0,E6,1.94,30.47,28.73,12.0,11.0
scen2,ed_port_scen1,2460.0,2520.0,-542415699#1,1.91,49.77,50.64,12.0,12.0
scen2,ed_port_scen1,2460.0,2520.0,-542415699#2,2.11,71.5,49.42,12.0,12.0
scen2,ed_port_scen1,2460.0,2520.0,-542415699#3.55,2.09,94.46,49.58,12.0,12.0
scen2,ed_port_scen1,2460.0,2520.0,626699047,1.93,24.61,50.35,12.0,11.0
scen2,ed_port_scen1,2460.0,2520.0,657270567#0,1.78,33.05,0.63,0.0,2.0
scen2,ed_port_scen1,2460.0,2520.0,657270567#1,2.06,102.11,13.64,3.0,13.0
scen2,ed_port_scen1,2460.0,2520.0,657270567#2,1.92,132.71,16.82,12.0,11.0
scen2,ed_port_scen1,2460.0,2520.0,669871305#0,1.37,1.08,5.83,11.0,10.0
scen2,ed_port_scen1,2460.0,2520.0,669871305#1,1.55,46.09,6.1,10.0,6.0
scen2,ed_port_scen1,2460.0,2520.0,669871307#0,4.63,0.04,2.1,7.0,7.0
scen2,ed_port_scen1,2460.0,2520.0,669871307#1,1.5,93.02,7.87,7.0,10.0
scen2,ed_port_scen1,2460.0,2520.0,669871307#2,1.51,25.7,10.08,10.0,11.0
scen2,ed_port_scen1,2460.0,2520.0,671267430,1.47,5.45,42.78,17.0,10.0
scen2,ed_port_scen1,2460.0,2520.0,92848448#2.33,4.83,16.75,16.36,10.0,8.0
scen2,ed_port_scen1,2460.0,2520.0,92848448#3,4.68,0.04,12.47,7.0,7.0
scen2,ed_port_scen1,2460.0,2520.0,E0,2.02,14.5,50.16,12.0,12.0
scen2,ed_port_scen1,2460.0,2520.0,E15,4.19,5.73,19.22,11.0,10.0
scen2,ed_port_scen1,2460.0,2520.0,E16,4.53,0.85,17.89,10.0,10.0
scen2,ed_port_scen1,2460.0,2520.0,E20,1.75,61.64,51.44,11.0,11.0
scen2,ed_port_scen1,2460.0,2520.0,E21,1.8,34.71,51.27,11.0,11.0
scen2,ed_port_scen1,2460.0,2520.0,E22,1.75,25.27,51.92,12.0,11.0
scen2,ed_port_scen1,2460.0,2520.0,E23,1.85,13.7,50.01,11.0,11.0
scen2,ed_port_scen1,2460.0,2520.0,E5,1.73,5.07,50.75,10.0,10.0
scen2,ed_port_scen1,2460.0,2520.0,E6,1.64,35.93,35.15,11.0,11.0
scen2,ed_port_scen1,2520.0,2580.0,-542415699#1,1.86,51.51,50.69,10.0,12.0
scen2,ed_port_scen1,2520.0,2580.0,-542415699#2,1.74,86.38,51.27,11.0,10.0
scen2,ed_port_scen1,2520.0,2580.0,-542415699#3.55,1.74,112.96,51.4,11.0,11.0
scen2,ed_port_scen1,2520.0,2580.0,626699047,1.99,23.52,50.02,12.0,12.0
scen2,ed_port_scen1,2520.0,2580.0,657270567#1,1.96,108.03,4.6,0.0,11.0
scen2,ed_port_scen1,2520.0,2580.0,657270567#2,2.07,123.01,16.53,12.0,12.0
scen2,ed_port_scen1,2520.0,2580.0,669871305#0,1.27,0.71,6.02,8.0,9.0
scen2,ed_port_scen1,2520.0,2580.0,669871305#1,1.28,56.93,6.11,9.0,9.0
scen2,ed_port_scen1,2520.0,2580.0,669871307#0,2.97,0.05,4.69,10.0,10.0
scen2,ed_port_scen1,2520.0,2580.0,669871307#1,1.35,102.81,8.61,10.0,8.0
scen2,ed_port_scen1,2520.0,2580.0,669871307#2,1.21,31.41,9.21,8.0,8.0
scen2,ed_port_scen1,2520.0,2580.0,671267430,1.62,5.38,36.97,17.0,9.0
scen2,ed_port_scen1,2520.0,2580.0,92848448#2.33,5.09,15.9,18.17,11.0,11.0
scen2,ed_port_scen1,2520.0,2580.0,92848448#3,5.01,0.04,19.95,12.0,12.0
scen2,ed_port_scen1,2520.0,2580.0,E0,1.88,15.36,50.13,11.0,11.0
scen2,ed_port_scen1,2520.0,2580.0,E15,3.88,6.36,22.06,11.0,12.0
scen2,ed_port_scen1,2520.0,2580.0,E16,4.73,0.8,19.71,12.0,12.0
scen2,ed_port_scen1,2520.0,2580.0,E20,2.02,52.99,49.66,12.0,12.0
scen2,ed_port_scen1,2520.0,2580.0,E21,1.96,31.88,50.02,12.0,11.0
scen2,ed_port_scen1,2520.0,2580.0,E22,2.05,21.43,49.83,11.0,12.0
scen2,ed_port_scen1,2520.0,2580.0,E23,2.21,11.39,48.33,12.0,13.0
scen2,ed_port_scen1,2520.0,2580.0,E5,2.17,4.08,49.43,13.0,13.0
scen2,ed_port_scen1,2520.0,2580.0,E6,2.04,28.89,39.22,13.0,12.0
scen2,ed_port_scen1,2580.0,2640.0,-542415699#1,2.16,44.03,49.12,13.0,12.0
scen2,ed_port_scen1,2580.0,2640.0,-542415699#2,2.08,72.69,49.51,12.0,13.0
scen2,ed_port_scen1,2580.0,2640.0,-542415699#3.55,2.02,97.48,49.94,12.0,12.0
scen2,ed_port_scen1,2580.0,2640.0,626699047,1.7,27.98,51.76,11.0,11.0
scen2,ed_port_scen1,2580.0,2640.0,657270567#2,1.78,142.98,13.44,0.0,11.0
scen2,ed_port_scen1,2580.0,2640.0,669871305#0,0.1,33.82,5.24,2.0,1.0
scen2,ed_port_scen1,2580.0,2640.0,669871305#1,0.14,461.9,7.01,1.0,0.0
scen2,ed_port_scen1,2580.0,2640.0,669871307#0,0.85,0.13,10.78,7.0,7.0
scen2,ed_port_scen1,2580.0,2640.0,669871307#1,0.61,224.23,10.09,6.0,3.0
scen2,ed_port_scen1,2580.0,2640.0,669871307#2,0.25,140.28,10.7,3.0,2.0
scen2,ed_port_scen1,2580.0,2640.0,92848448#2.33,4.23,18.2,20.37,12.0,9.0
scen2,ed_port_scen1,2580.0,2640.0,92848448#3,1.44,0.24,40.66,8.0,8.0
scen2,ed_port_scen1,2580.0,2640.0,E0,1.83,15.95,51.2,11.0,12.0
scen2,ed_port_scen1,2580.0,2640.0,E15,3.66,6.77,20.61,11.0,11.0
scen2,ed_port_scen1,2580.0,2640.0,E16,4.63,0.84,20.51,11.0,11.0
scen2,ed_port_scen1,2580.0,2640.0,E20,2.12,51.11,49.46,12.0,13.0
scen2,ed_port_scen1,2580.0,2640.0,E21,2.45,25.56,47.71,13.0,16.0
scen2,ed_port_scen1,2580.0,2640.0,E22,3.15,13.89,44.49,16.0,18.0
scen2,ed_port_scen1,2580.0,2640.0,E23,3.59,7.06,42.04,17.0,18.0
scen2,ed_port_scen1,2580.0,2640.0,E24,10.74,5.71,6.05,10.0,6.0
scen2,ed_port_scen1,2580.0,2640.0,E25,6.04,2.83,6.17,6.0,4.0
scen2,ed_port_scen1,2580.0,2640.0,E5,2.19,4.02,36.31,9.0,10.0
scen2,ed_port_scen1,2580.0,2640.0,E6,1.97,30.03,44.21,10.0,11.0
scen2,ed_port_scen1,2580.0,2640.0,E8,1.76,3.04,9.55,3.0,2.0
scen2,ed_port_scen1,2580.0,2640.0,E9,0.29,162.2,0.1,2.0,2.0
scen2,ed_port_scen1,2640.0,2700.0,-542415699#1,3.44,27.92,43.04,17.0,19.0
scen2,ed_port_scen1,2640.0,2700.0,-542415699#2,2.84,53.3,45.4,14.0,17.0
scen2,ed_port_scen1,2640.0,2700.0,-542415699#3.55,2.13,92.85,49.17,12.0,14.0
scen2,ed_port_scen1,2640.0,2700.0,626699047,2.21,21.45,48.71,12.0,13.0
scen2,ed_port_scen1,2640.0,2700.0,657270567#2,1.97,129.86,5.79,0.0,13.0
scen2,ed_port_scen1,2640.0,2700.0,669871305#0,0.0,,5.5,0.0,0.0
scen2,ed_port_scen1,2640.0,2700.0,669871305#1,0.0,,7.14,0.0,0.0
scen2,ed_port_scen1,2640.0,2700.0,669871307#0,0.0,,16.67,0.0,0.0
scen2,ed_port_scen1,2640.0,2700.0,669871307#1,0.0,,11.11,0.0,0.0
scen2,ed_port_scen1,2640.0,2700.0,669871307#2,0.0,,11.22,0.0,0.0
scen2,ed_port_scen1,2640.0,2700.0,92848448#2.33,0.31,265.45,56.06,4.0,0.0
scen2,ed_port_scen1,2640.0,2700.0,92848448#3,0.0,,100.0,0.0,0.0
scen2,ed_port_scen1,2640.0,2700.0,E0,2.17,13.36,49.02,13.0,12.0
scen2,ed_port_scen1,2640.0,2700.0,E15,1.29,22.63,29.39,6.0,5.0
scen2,ed_port_scen1,2640.0,2700.0,E16,0.84,7.9,64.09,5.0,4.0
scen2,ed_port_scen1,2640.0,2700.0,E20,4.61,23.25,36.91,19.0,20.0
scen2,ed_port_scen1,2640.0,2700.0,E21,4.5,13.75,35.15,20.0,17.0
scen2,ed_port_scen1,2640.0,2700.0,E22,3.23,13.55,43.46,18.0,15.0
scen2,ed_port_scen1,2640.0,2700.0,E23,2.62,9.26,46.86,16.0,14.0
scen2,ed_port_scen1,2640.0,2700.0,E24,2.01,31.48,49.85,13.0,11.0
scen2,ed_port_scen1,2640.0,2700.0,E25,2.09,9.36,44.67,10.0,11.0
scen2,ed_port_scen1,2640.0,2700.0,E6,1.64,35.97,5.37,0.0,4.0
scen2,ed_port_scen1,2640.0,2700.0,E8,1.8,4.15,52.04,11.0,11.0
scen2,ed_port_scen1,2640.0,2700.0,E9,1.01,47.02,4.23,11.0,10.0
scen2,ed_port_scen1,2700.0,2760.0,-542415699#1,2.52,37.62,46.6,15.0,13.0
scen2,ed_port_scen1,2700.0,2760.0,-542415699#2,3.34,44.85,42.93,19.0,15.0
scen2,ed_port_scen1,2700.0,2760.0,-542415699#3.55,3.81,51.78,38.98,13.0,19.0
scen2,ed_port_scen1,2700.0,2760.0,626699047,2.11,22.29,20.71,3.0,7.0
scen2,ed_port_scen1,2700.0,2760.0,657270567#2,2.53,87.03,0.15,0.0,2.0
scen2,ed_port_scen1,2700.0,2760.0,669871305#0,0.0,,5.5,0.0,0.0
scen2,ed_port_scen1,2700.0,2760.0,669871305#1,0.0,,7.14,0.0,0.0
scen2,ed_port_scen1,2700.0,2760.0,669871307#0,0.0,,16.67,0.0,0.0
scen2,ed_port_scen1,2700.0,2760.0,669871307#1,0.0,,11.11,0.0,0.0
scen2,ed_port_scen1,2700.0,2760.0,669871307#2,0.0,,11.22,0.0,0.0
scen2,ed_port_scen1,2700.0,2760.0,92848448#2.33,0.0,,61.7,0.0,0.0
scen2,ed_port_scen1,2700.0,2760.0,92848448#3,0.0,,100.0,0.0,0.0
scen2,ed_port_scen1,2700.0,2760.0,E0,2.66,11.15,33.3,9.0,12.0
scen2,ed_port_scen1,2700.0,2760.0,E15,0.0,,39.9,0.0,0.0
scen2,ed_port_scen1,2700.0,2760.0,E16,0.0,,96.91,0.0,0.0
scen2,ed_port_scen1,2700.0,2760.0,E20,1.88,57.04,50.52,13.0,11.0
scen2,ed_port_scen1,2700.0,2760.0,E21,2.01,31.1,49.91,11.0,13.0
scen2,ed_port_scen1,2700.0,2760.0,E22,2.02,21.75,50.47,12.0,12.0
scen2,ed_port_scen1,2700.0,2760.0,E23,2.05,12.06,49.42,12.0,12.0
scen2,ed_port_scen1,2700.0,2760.0,E24,2.12,30.12,49.11,12.0,12.0
scen2,ed_port_scen1,2700.0,2760.0,E25,2.46,7.53,42.84,13.0,12.0
scen2,ed_port_scen1,2700.0,2760.0,E8,1.97,3.6,49.58,12.0,12.0
scen2,ed_port_scen1,2700.0,2760.0,E9,1.52,31.31,9.64,12.0,12.0
scen2,ed_port_scen1,2760.0,2820.0,-542415699#1,2.05,46.27,49.6,12.0,12.0
scen2,ed_port_scen1,2760.0,2820.0,-542415699#2,2.01,75.34,49.9,12.0,12.0
scen2,ed_port_scen1,2760.0,2820.0,-542415699#3.55,2.34,82.84,17.11,0.0,12.0
scen2,ed_port_scen1,2760.0,2820.0,669871305#0,0.0,,5.5,0.0,0.0
scen2,ed_port_scen1,2760.0,2820.0,669871305#1,0.0,,7.14,0.0,0.0
scen2,ed_port_scen1,2760.0,2820.0,669871307#0,0.0,,16.67,0.0,0.0
scen2,ed_port_scen1,2760.0,2820.0,669871307#1,0.0,,11.11,0.0,0.0
scen2,ed_port_scen1,2760.0,2820.0,669871307#2,0.0,,11.22,0.0,0.0
scen2,ed_port_scen1,2760.0,2820.0,92848448#2.33,0.0,,61.7,0.0,0.0
scen2,ed_port_scen1,2760.0,2820.0,92848448#3,0.0,,100.0,0.0,0.0
scen2,ed_port_scen1,2760.0,2820.0,E15,0.0,,39.9,0.0,0.0
scen2,ed_port_scen1,2760.0,2820.0,E16,0.0,,96.91,0.0,0.0
scen2,ed_port_scen1,2760.0,2820.0,E20,2.06,52.18,49.52,12.0,12.0
scen2,ed_port_scen1,2760.0,2820.0,E21,2.12,29.19,49.08,13.0,12.0
scen2,ed_port_scen1,2760.0,2820.0,E22,2.17,20.17,49.29,12.0,13.0
scen2,ed_port_scen1,2760.0,2820.0,E23,2.41,10.46,47.84,13.0,13.0
scen2,ed_port_scen1,2760.0,2820.0,E24,2.3,27.63,48.35,13.0,13.0
scen2,ed_port_scen1,2760.0,2820.0,E25,2.54,7.49,42.83,13.0,13.0
scen2,ed_port_scen1,2760.0,2820.0,E8,2.14,3.4,48.78,13.0,13.0
scen2,ed_port_scen1,2760.0,2820.0,E9,1.77,26.89,15.59,13.0,12.0
scen2,ed_port_scen1,2820.0,2880.0,-542415699#1,2.21,43.07,48.66,14.0,12.0
scen2,ed_port_scen1,2820.0,2880.0,-542415699#2,2.13,71.26,30.87,0.0,14.0
scen2,ed_port_scen1,2820.0,2880.0,-542415699#3.55,4.45,,0.01,0.0,0.0
scen2,ed_port_scen1,2820.0,2880.0,669871305#0,0.0,,5.5,0.0,0.0
scen2,ed_port_scen1,2820.0,2880.0,669871305#1,0.01,10585.4,7.14,0.0,0.0
scen2,ed_port_scen1,2820.0,2880.0,669871307#0,0.0,,16.67,0.0,0.0
scen2,ed_port_scen1,2820.0,2880.0,669871307#1,0.0,,11.11,0.0,0.0
scen2,ed_port_scen1,2820.0,2880.0,669871307#2,0.0,,11.22,0.0,0.0
scen2,ed_port_scen1,2820.0,2880.0,671267430,0.35,21.14,0.59,1.0,0.0
scen2,ed_port_scen1,2820.0,2880.0,92848448#2.33,0.0,,61.7,0.0,0.0
scen2,ed_port_scen1,2820.0,2880.0,92848448#3,0.0,,100.0,0.0,0.0
scen2,ed_port_scen1,2820.0,2880.0,E15,0.0,,39.9,0.0,0.0
scen2,ed_port_scen1,2820.0,2880.0,E16,0.0,,96.91,0.0,0.0
scen2,ed_port_scen1,2820.0,2880.0,E20,2.07,51.92,49.74,13.0,13.0
scen2,ed_port_scen1,2820.0,2880.0,E21,1.95,32.32,50.33,12.0,12.0
scen2,ed_port_scen1,2820.0,2880.0,E22,1.9,23.29,50.99,12.0,11.0
scen2,ed_port_scen1,2820.0,2880.0,E23,1.79,13.93,51.17,11.0,12.0
scen2,ed_port_scen1,2820.0,2880.0,E24,1.85,34.51,51.0,12.0,11.0
scen2,ed_port_scen1,2820.0,2880.0,E25,2.13,8.97,44.02,10.0,11.0
scen2,ed_port_scen1,2820.0,2880.0,E8,1.79,4.28,52.61,11.0,11.0
scen2,ed_port_scen1,2820.0,2880.0,E9,1.55,30.61,22.15,11.0,10.0
scen2,ed_port_scen1,2880.0,2940.0,-542415699#1,1.81,52.77,34.66,2.0,12.0
scen2,ed_port_scen1,2880.0,2940.0,-542415699#2,1.52,99.04,1.11,0.0,2.0
scen2,ed_port_scen1,2880.0,2940.0,669871305#0,0.0,115.24,5.2,1.0,1.0
scen2,ed_port_scen1,2880.0,2940.0,669871305#1,0.05,1561.85,7.03,1.0,0.0
scen2,ed_port_scen1,2880.0,2940.0,669871307#0,0.09,0.23,15.65,1.0,1.0
scen2,ed_port_scen1,2880.0,2940.0,669871307#1,0.13,1060.8,10.87,1.0,1.0
scen2,ed_port_scen1,2880.0,2940.0,669871307#2,0.12,293.88,10.97,1.0,1.0
scen2,ed_port_scen1,2880.0,2940.0,671267430,0.0,,14.19,1.0,0.0
scen2,ed_port_scen1,2880.0,2940.0,92848448#1.312,5.33,16.89,4.8,5.0,2.0
scen2,ed_port_scen1,2880.0,2940.0,92848448#2,5.45,4.22,1.62,2.0,0.0
scen2,ed_port_scen1,2880.0,2940.0,92848448#2.33,0.07,1341.56,61.19,0.0,1.0
scen2,ed_port_scen1,2880.0,2940.0,92848448#3,0.09,0.85,89.87,1.0,1.0
scen2,ed_port_scen1,2880.0,2940.0,E15,0.0,,39.9,0.0,0.0
scen2,ed_port_scen1,2880.0,2940.0,E16,0.03,1911.9,96.96,0.0,1.0
scen2,ed_port_scen1,2880.0,2940.0,E18,3.89,4.86,11.15,7.0,5.0
scen2,ed_port_scen1,2880.0,2940.0,E19,4.42,0.19,9.35,5.0,5.0
scen2,ed_port_scen1,2880.0,2940.0,E20,1.79,59.82,51.28,11.0,11.0
scen2,ed_port_scen1,2880.0,2940.0,E21,1.91,32.78,50.68,11.0,11.0
scen2,ed_port_scen1,2880.0,2940.0,E22,2.1,21.12,49.75,11.0,12.0
scen2,ed_port_scen1,2880.0,2940.0,E23,1.95,12.49,50.53,12.0,11.0
scen2,ed_port_scen1,2880.0,2940.0,E24,1.97,32.61,50.05,11.0,12.0
scen2,ed_port_scen1,2880.0,2940.0,E25,2.3,8.33,43.12,12.0,12.0
scen2,ed_port_scen1,2880.0,2940.0,E8,2.06,3.54,49.77,12.0,12.0
scen2,ed_port_scen1,2880.0,2940.0,E9,1.79,26.49,26.77,12.0,12.0
scen2,ed_port_scen1,2940.0,3000.0,-542415699#1,1.39,78.11,0.55,0.0,1.0
scen2,ed_port_scen1,2940.0,3000.0,669871305#0,0.0,,5.5,0.0,0.0
scen2,ed_port_scen1,2940.0,3000.0,669871305#1,0.0,,7.03,0.0,0.0
scen2,ed_port_scen1,2940.0,3000.0,669871307#0,0.0,,16.67,0.0,0.0
scen2,ed_port_scen1,2940.0,3000.0,669871307#1,0.0,100000.0,11.11,0.0,0.0
scen2,ed_port_scen1,2940.0,3000.0,669871307#2,0.0,,11.22,0.0,0.0
scen2,ed_port_scen1,2940.0,3000.0,671267430,0.0,,14.19,0.0,1.0
scen2,ed_port_scen1,2940.0,3000.0,92848448#1.312,1.57,52.18,38.95,11.0,3.0
scen2,ed_port_scen1,2940.0,3000.0,92848448#2,0.08,291.36,63.8,2.0,0.0
scen2,ed_port_scen1,2940.0,3000.0,92848448#2.33,0.08,1071.03,61.45,1.0,0.0
scen2,ed_port_scen1,2940.0,3000.0,92848448#3,0.0,,100.0,0.0,0.0
scen2,ed_port_scen1,2940.0,3000.0,E15,0.16,206.34,39.45,1.0,1.0
scen2,ed_port_scen1,2940.0,3000.0,E16,0.11,59.95,93.55,1.0,0.0
scen2,ed_port_scen1,2940.0,3000.0,E18,3.48,5.38,25.4,11.0,12.0
scen2,ed_port_scen1,2940.0,3000.0,E19,4.07,0.36,21.66,12.0,11.0
scen2,ed_port_scen1,2940.0,3000.0,E20,2.2,49.05,30.66,2.0,13.0
scen2,ed_port_scen1,2940.0,3000.0,E21,2.18,28.71,48.92,13.0,13.0
scen2,ed_port_scen1,2940.0,3000.0,E22,2.15,20.59,49.69,13.0,12.0
scen2,ed_port_scen1,2940.0,3000.0,E23,2.22,11.38,48.44,12.0,13.0
scen2,ed_port_scen1,2940.0,3000.0,E24,2.26,28.14,48.38,13.0,13.0
scen2,ed_port_scen1,2940.0,3000.0,E25,2.78,6.79,41.02,14.0,13.0
scen2,ed_port_scen1,2940.0,3000.0,E8,2.22,3.2,49.03,13.0,13.0
scen2,ed_port_scen1,2940.0,3000.0,E9,2.1,22.58,32.07,13.0,13.0
scen2,ed_port_scen1,3000.0,3060.0,669871305#0,0.0,,5.5,0.0,0.0
scen2,ed_port_scen1,3000.0,3060.0,669871305#1,0.0,,7.03,0.0,0.0
scen2,ed_port_scen1,3000.0,3060.0,669871307#0,0.0,,16.67,0.0,0.0
scen2,ed_port_scen1,3000.0,3060.0,669871307#1,0.0,,11.11,0.0,0.0
scen2,ed_port_scen1,3000.0,3060.0,669871307#2,0.0,,11.22,0.0,0.0
scen2,ed_port_scen1,3000.0,3060.0,671267430,0.0,,14.19,0.0,0.0
scen2,ed_port_scen1,3000.0,3060.0,92848448#1.312,0.0,100000.0,65.58,0.0,0.0
scen2,ed_port_scen1,3000.0,3060.0,92848448#2,0.0,,66.91,0.0,0.0
scen2,ed_port_scen1,3000.0,3060.0,92848448#2.33,0.0,,61.7,0.0,0.0
scen2,ed_port_scen1,3000.0,3060.0,92848448#3,0.0,,100.0,0.0,0.0
scen2,ed_port_scen1,3000.0,3060.0,E15,0.0,,39.9,0.0,0.0
scen2,ed_port_scen1,3000.0,3060.0,E16,0.0,,96.91,0.0,0.0
scen2,ed_port_scen1,3000.0,3060.0,E18,0.04,288.78,60.09,1.0,0.0
scen2,ed_port_scen1,3000.0,3060.0,E19,0.0,1689.22,84.86,0.0,0.0
scen2,ed_port_scen1,3000.0,3060.0,E20,2.26,,0.0,0.0,0.0
scen2,ed_port_scen1,3000.0,3060.0,E21,2.3,27.46,16.26,1.0,7.0
scen2,ed_port_scen1,3000.0,3060.0,E22,2.19,20.61,40.36,8.0,13.0
scen2,ed_port_scen1,3000.0,3060.0,E23,2.22,11.21,48.57,13.0,12.0
scen2,ed_port_scen1,3000.0,3060.0,E24,2.16,29.49,48.92,12.0,12.0
scen2,ed_port_scen1,3000.0,3060.0,E25,2.4,7.92,42.72,12.0,12.0
scen2,ed_port_scen1,3000.0,3060.0,E8,1.95,3.82,50.7,12.0,12.0
scen2,ed_port_scen1,3000.0,3060.0,E9,1.77,26.91,39.46,12.0,11.0
scen2,ed_port_scen1,3060.0,3120.0,669871305#0,0.0,,5.5,0.0,0.0
scen2,ed_port_scen1,3060.0,3120.0,669871305#1,0.0,,7.03,0.0,0.0
scen2,ed_port_scen1,3060.0,3120.0,669871307#0,0.0,,16.67,0.0,0.0
scen2,ed_port_scen1,3060.0,3120.0,669871307#1,0.0,,11.11,0.0,0.0
scen2,ed_port_scen1,3060.0,3120.0,669871307#2,0.0,,11.22,0.0,0.0
scen2,ed_port_scen1,3060.0,3120.0,671267430,0.0,,14.19,0.0,0.0
scen2,ed_port_scen1,3060.0,3120.0,92848448#1.312,0.0,,65.58,0.0,0.0
scen2,ed_port_scen1,3060.0,3120.0,92848448#2,0.0,,66.91,0.0,0.0
scen2,ed_port_scen1,3060.0,3120.0,92848448#2.33,0.0,,61.7,0.0,0.0
scen2,ed_port_scen1,3060.0,3120.0,92848448#3,0.0,,100.0,0.0,0.0
scen2,ed_port_scen1,3060.0,3120.0,E15,0.0,,39.9,0.0,0.0
scen2,ed_port_scen1,3060.0,3120.0,E16,0.0,,96.91,0.0,0.0
scen2,ed_port_scen1,3060.0,3120.0,E18,0.0,,61.44,0.0,0.0
scen2,ed_port_scen1,3060.0,3120.0,E19,0.0,,84.92,0.0,0.0
scen2,ed_port_scen1,3060.0,3120.0,E23,1.7,12.94,7.73,0.0,3.0
scen2,ed_port_scen1,3060.0,3120.0,E24,1.69,38.7,35.11,4.0,10.0
scen2,ed_port_scen1,3060.0,3120.0,E25,2.15,8.73,42.75,10.0,11.0
scen2,ed_port_scen1,3060.0,3120.0,E8,1.86,3.98,51.47,11.0,11.0
scen2,ed_port_scen1,3060.0,3120.0,E9,1.73,27.4,45.04,11.0,10.0
scen2,ed_port_scen1,3120.0,3180.0,669871305#0,0.0,,5.5,0.0,0.0
scen2,ed_port_scen1,3120.0,3180.0,669871305#1,0.0,100000.0,7.03,0.0,1.0
scen2,ed_port_scen1,3120.0,3180.0,669871307#0,0.0,,16.67,0.0,0.0
scen2,ed_port_scen1,3120.0,3180.0,669871307#1,0.0,,11.11,0.0,0.0
scen2,ed_port_scen1,3120.0,3180.0,669871307#2,0.0,,11.22,0.0,0.0
scen2,ed_port_scen1,3120.0,3180.0,671267430,0.0,,13.95,0.0,1.0
scen2,ed_port_scen1,3120.0,3180.0,92848448#1.312,0.0,,65.58,0.0,0.0
scen2,ed_port_scen1,3120.0,3180.0,92848448#2,0.0,,66.91,0.0,0.0
scen2,ed_port_scen1,3120.0,3180.0,92848448#2.33,0.0,,61.7,0.0,0.0
scen2,ed_port_scen1,3120.0,3180.0,92848448#3,0.0,,100.0,0.0,0.0
scen2,ed_port_scen1,3120.0,3180.0,E15,0.0,,39.9,0.0,0.0
scen2,ed_port_scen1,3120.0,3180.0,E16,0.0,,96.91,0.0,0.0
scen2,ed_port_scen1,3120.0,3180.0,E18,0.0,,61.44,0.0,0.0
scen2,ed_port_scen1,3120.0,3180.0,E19,0.0,,84.92,0.0,0.0
scen2,ed_port_scen1,3120.0,3180.0,E25,2.09,10.99,1.57,0.0,1.0
scen2,ed_port_scen1,3120.0,3180.0,E8,1.81,4.86,12.37,2.0,3.0
scen2,ed_port_scen1,3120.0,3180.0,E9,1.99,23.9,20.08,3.0,8.0
scen2,ed_port_scen1,3180.0,3240.0,669871305#0,0.09,56.06,5.44,1.0,1.0
scen2,ed_port_scen1,3180.0,3240.0,669871305#1,0.14,529.0,6.89,1.0,0.0
scen2,ed_port_scen1,3180.0,3240.0,669871307#0,0.09,0.21,15.53,1.0,1.0
scen2,ed_port_scen1,3180.0,3240.0,669871307#1,0.13,1061.69,10.88,1.0,1.0
scen2,ed_port_scen1,3180.0,3240.0,669871307#2,0.12,293.65,10.97,1.0,1.0
scen2,ed_port_scen1,3180.0,3240.0,671267430,0.02,408.74,13.6,1.0,0.0
scen2,ed_port_scen1,3180.0,3240.0,92848448#1.312,0.0,,65.58,0.0,0.0
scen2,ed_port_scen1,3180.0,3240.0,92848448#2,0.04,1081.82,66.32,0.0,1.0
scen2,ed_port_scen1,3180.0,3240.0,92848448#2.33,0.08,1112.86,61.01,0.0,1.0
scen2,ed_port_scen1,3180.0,3240.0,92848448#3,0.09,0.99,89.16,1.0,1.0
scen2,ed_port_scen1,3180.0,3240.0,E15,0.0,,39.9,0.0,0.0
scen2,ed_port_scen1,3180.0,3240.0,E16,0.0,,96.91,0.0,0.0
scen2,ed_port_scen1,3180.0,3240.0,E18,0.0,,61.44,0.0,0.0
scen2,ed_port_scen1,3180.0,3240.0,E19,0.0,,84.92,0.0,0.0
scen2,ed_port_scen1,3240.0,3300.0,669871305#0,0.0,,5.5,0.0,0.0
scen2,ed_port_scen1,3240.0,3300.0,669871305#1,0.0,,7.03,0.0,0.0
scen2,ed_port_scen1,3240.0,3300.0,669871307#0,0.0,,16.67,0.0,0.0
scen2,ed_port_scen1,3240.0,3300.0,669871307#1,0.0,100000.0,11.11,0.0,0.0
scen2,ed_port_scen1,3240.0,3300.0,669871307#2,0.0,,11.22,0.0,0.0
scen2,ed_port_scen1,3240.0,3300.0,671267430,0.0,,14.19,0.0,0.0
scen2,ed_port_scen1,3240.0,3300.0,92848448#1.170,4.9,23.0,4.43,4.0,1.0
scen2,ed_port_scen1,3240.0,3300.0,92848448#1.291,2.93,4.78,2.32,1.0,0.0
scen2,ed_port_scen1,3240.0,3300.0,92848448#1.312,0.12,733.38,65.05,1.0,1.0
scen2,ed_port_scen1,3240.0,3300.0,92848448#2,0.08,278.18,64.61,0.0,0.0
scen2,ed_port_scen1,3240.0,3300.0,92848448#2.33,0.06,1267.88,65.3,2.0,0.0
scen2,ed_port_scen1,3240.0,3300.0,92848448#3,0.0,,100.0,0.0,0.0
scen2,ed_port_scen1,3240.0,3300.0,E12,4.6,6.36,6.62,4.0,4.0
scen2,ed_port_scen1,3240.0,3300.0,E13,4.91,0.53,6.66,4.0,4.0
scen2,ed_port_scen1,3240.0,3300.0,E15,0.15,214.47,39.63,1.0,1.0
scen2,ed_port_scen1,3240.0,3300.0,E16,0.14,56.07,91.5,1.0,1.0
scen2,ed_port_scen1,3240.0,3300.0,E18,0.11,161.9,60.46,1.0,1.0
scen2,ed_port_scen1,3240.0,3300.0,E19,0.1,55.67,80.95,1.0,1.0
scen2,ed_port_scen1,3300.0,3360.0,669871305#0,0.0,,5.5,0.0,0.0
scen2,ed_port_scen1,3300.0,3360.0,669871305#1,0.0,,7.03,0.0,0.0
scen2,ed_port_scen1,3300.0,3360.0,669871307#0,0.0,,16.67,0.0,0.0
scen2,ed_port_scen1,3300.0,3360.0,669871307#1,0.0,,11.11,0.0,0.0
scen2,ed_port_scen1,3300.0,3360.0,669871307#2,0.0,,11.22,0.0,0.0
scen2,ed_port_scen1,3300.0,3360.0,671267430,0.0,,14.19,0.0,0.0
scen2,ed_port_scen1,3300.0,3360.0,92848448#1.170,2.7,35.68,19.42,8.0,3.0
scen2,ed_port_scen1,3300.0,3360.0,92848448#1.291,0.05,290.19,68.68,1.0,0.0
scen2,ed_port_scen1,3300.0,3360.0,92848448#1.312,0.0,,66.58,0.0,0.0
scen2,ed_port_scen1,3300.0,3360.0,92848448#2,0.0,,65.27,0.0,0.0
scen2,ed_port_scen1,3300.0,3360.0,92848448#2.33,0.0,,66.2,0.0,0.0
scen2,ed_port_scen1,3300.0,3360.0,92848448#3,0.0,,100.0,0.0,0.0
scen2,ed_port_scen1,3300.0,3360.0,E12,4.38,6.65,15.82,10.0,9.0
scen2,ed_port_scen1,3300.0,3360.0,E13,4.63,0.62,14.11,8.0,8.0
scen2,ed_port_scen1,3300.0,3360.0,E15,0.0,,39.9,0.0,0.0
scen2,ed_port_scen1,3300.0,3360.0,E16,0.0,,96.91,0.0,0.0
scen2,ed_port_scen1,3300.0,3360.0,E18,0.0,,61.44,0.0,0.0
scen2,ed_port_scen1,3300.0,3360.0,E19,0.0,,84.92,0.0,0.0
scen2,ed_port_scen1,3360.0,3420.0,669871305#0,0.0,,5.5,0.0,0.0
scen2,ed_port_scen1,3360.0,3420.0,669871305#1,0.0,,7.03,0.0,0.0
scen2,ed_port_scen1,3360.0,3420.0,669871307#0,0.0,,16.67,0.0,0.0
scen2,ed_port_scen1,3360.0,3420.0,669871307#1,0.0,,11.11,0.0,0.0
scen2,ed_port_scen1,3360.0,3420.0,669871307#2,0.0,,11.22,0.0,0.0
scen2,ed_port_scen1,3360.0,3420.0,671267430,0.0,,14.19,0.0,0.0
scen2,ed_port_scen1,3360.0,3420.0,92848448#1.170,0.29,359.84,57.24,6.0,0.0
scen2,ed_port_scen1,3360.0,3420.0,92848448#1.291,0.0,,71.28,0.0,0.0
scen2,ed_port_scen1,3360.0,3420.0,92848448#1.312,0.0,,66.58,0.0,0.0
scen2,ed_port_scen1,3360.0,3420.0,92848448#2,0.0,,65.27,0.0,0.0
scen2,ed_port_scen1,3360.0,3420.0,92848448#2.33,0.0,,66.2,0.0,0.0
scen2,ed_port_scen1,3360.0,3420.0,92848448#3,0.0,,100.0,0.0,0.0
scen2,ed_port_scen1,3360.0,3420.0,E12,2.07,12.06,22.85,8.0,6.0
scen2,ed_port_scen1,3360.0,3420.0,E13,1.43,3.89,46.6,7.0,6.0
scen2,ed_port_scen1,3360.0,3420.0,E15,0.0,,39.9,0.0,0.0
scen2,ed_port_scen1,3360.0,3420.0,E16,0.0,,96.91,0.0,0.0
scen2,ed_port_scen1,3360.0,3420.0,E18,0.0,,61.44,0.0,0.0
scen2,ed_port_scen1,3360.0,3420.0,E19,0.0,,84.92,0.0,0.0
scen2,ed_port_scen1,3360.0,3420.0,E23,9.76,2.67,0.85,1.0,1.0
scen2,ed_port_scen1,3360.0,3420.0,E24,13.12,4.7,0.64,1.0,1.0
scen2,ed_port_scen1,3360.0,3420.0,E25,13.47,1.48,0.62,1.0,1.0
scen2,ed_port_scen1,3360.0,3420.0,E26,13.53,3.57,0.18,1.0,0.0
scen2,ed_port_scen1,3360.0,3420.0,E3,5.29,7.74,1.42,1.0,1.0
scen2,ed_port_scen1,3360.0,3420.0,E4,5.16,1.91,1.6,1.0,1.0
scen2,ed_port_scen1,3420.0,3480.0,1211925684,13.75,2.79,0.2,1.0,1.0
scen2,ed_port_scen1,3420.0,3480.0,1211925685,2.15,2.71,3.94,3.0,3.0
scen2,ed_port_scen1,3420.0,3480.0,1443544287#0,13.26,0.78,0.31,1.0,1.0
scen2,ed_port_scen1,3420.0,3480.0,1443544287#1,13.49,3.25,0.21,1.0,1.0
scen2,ed_port_scen1,3420.0,3480.0,542415702,13.41,4.5,0.21,1.0,1.0
scen2,ed_port_scen1,3420.0,3480.0,542415708#0,13.56,0.01,0.31,1.0,1.0
scen2,ed_port_scen1,3420.0,3480.0,542415708#1,13.47,0.57,0.31,1.0,1.0
scen2,ed_port_scen1,3420.0,3480.0,542415708#2,13.44,1.94,0.31,1.0,1.0
scen2,ed_port_scen1,3420.0,3480.0,542415708#3,13.01,0.29,0.32,1.0,1.0
scen2,ed_port_scen1,3420.0,3480.0,542415708#4,12.86,0.02,0.32,1.0,1.0
scen2,ed_port_scen1,3420.0,3480.0,542415708#6,13.08,0.2,0.31,1.0,1.0
scen2,ed_port_scen1,3420.0,3480.0,669284462,9.22,7.62,0.84,3.0,1.0
scen2,ed_port_scen1,3420.0,3480.0,669871305#0,0.0,,5.5,0.0,0.0
scen2,ed_port_scen1,3420.0,3480.0,669871305#1,0.0,,7.03,0.0,0.0
scen2,ed_port_scen1,3420.0,3480.0,669871307#0,0.0,,16.67,0.0,0.0
scen2,ed_port_scen1,3420.0,3480.0,669871307#1,0.0,,11.11,0.0,0.0
scen2,ed_port_scen1,3420.0,3480.0,669871307#2,0.0,,11.22,0.0,0.0
scen2,ed_port_scen1,3420.0,3480.0,671267430,0.0,,14.19,0.0,0.0
scen2,ed_port_scen1,3420.0,3480.0,92848448#1.170,0.0,,66.17,0.0,0.0
scen2,ed_port_scen1,3420.0,3480.0,92848448#1.291,0.0,,71.28,0.0,0.0
scen2,ed_port_scen1,3420.0,3480.0,92848448#1.312,0.0,,66.58,0.0,0.0
scen2,ed_port_scen1,3420.0,3480.0,92848448#2,0.0,,65.27,0.0,0.0
scen2,ed_port_scen1,3420.0,3480.0,92848448#2.33,0.0,,66.2,0.0,0.0
scen2,ed_port_scen1,3420.0,3480.0,92848448#3,0.0,,100.0,0.0,0.0
scen2,ed_port_scen1,3420.0,3480.0,E1,13.22,0.9,1.89,3.0,3.0
scen2,ed_port_scen1,3420.0,3480.0,E12,0.0,100000.0,50.25,0.0,0.0
scen2,ed_port_scen1,3420.0,3480.0,E13,0.0,,96.02,0.0,0.0
scen2,ed_port_scen1,3420.0,3480.0,E15,0.0,,39.9,0.0,0.0
scen2,ed_port_scen1,3420.0,3480.0,E16,0.0,,96.91,0.0,0.0
scen2,ed_port_scen1,3420.0,3480.0,E18,0.0,,61.44,0.0,0.0
scen2,ed_port_scen1,3420.0,3480.0,E19,0.0,,84.92,0.0,0.0
scen2,ed_port_scen1,3420.0,3480.0,E23,9.2,2.85,6.27,7.0,7.0
scen2,ed_port_scen1,3420.0,3480.0,E24,13.07,4.7,4.23,7.0,6.0
scen2,ed_port_scen1,3420.0,3480.0,E25,13.15,1.51,3.8,6.0,6.0
scen2,ed_port_scen1,3420.0,3480.0,E26,13.09,3.69,3.66,6.0,6.0
scen2,ed_port_scen1,3420.0,3480.0,E27,13.11,5.33,3.47,6.0,5.0
scen2,ed_port_scen1,3420.0,3480.0,E28,13.04,3.47,3.18,5.0,5.0
scen2,ed_port_scen1,3420.0,3480.0,E29,12.93,1.16,2.59,5.0,4.0
scen2,ed_port_scen1,3420.0,3480.0,E3,5.16,7.9,12.61,9.0,8.0
scen2,ed_port_scen1,3420.0,3480.0,E30,13.04,1.84,2.11,4.0,3.0
scen2,ed_port_scen1,3420.0,3480.0,E31,13.25,1.88,1.89,3.0,3.0
scen2,ed_port_scen1,3420.0,3480.0,E32,13.24,0.58,1.89,3.0,3.0
scen2,ed_port_scen1,3420.0,3480.0,E33,13.39,2.54,1.87,3.0,3.0
scen2,ed_port_scen1,3420.0,3480.0,E4,5.61,1.71,11.46,8.0,8.0
scen2,ed_port_scen1,3480.0,3540.0,1211925684,13.37,2.87,1.19,6.0,5.0
scen2,ed_port_scen1,3480.0,3540.0,1211925685,2.31,2.36,10.14,9.0,8.0
scen2,ed_port_scen1,3480.0,3540.0,1211925690,12.73,3.06,1.93,6.0,6.0
scen2,ed_port_scen1,3480.0,3540.0,1443544287#0,13.49,0.77,2.13,7.0,7.0
scen2,ed_port_scen1,3480.0,3540.0,1443544287#1,13.5,3.24,1.29,7.0,6.0
scen2,ed_port_scen1,3480.0,3540.0,542415702,13.49,4.48,1.49,8.0,7.0
scen2,ed_port_scen1,3480.0,3540.0,542415708#0,11.87,0.02,3.16,9.0,9.0
scen2,ed_port_scen1,3480.0,3540.0,542415708#1,13.18,0.6,2.84,9.0,9.0
scen2,ed_port_scen1,3480.0,3540.0,542415708#2,13.2,1.95,2.63,9.0,8.0
scen2,ed_port_scen1,3480.0,3540.0,542415708#3,11.16,0.35,3.0,8.0,8.0
scen2,ed_port_scen1,3480.0,3540.0,542415708#4,11.58,0.02,2.88,8.0,8.0
scen2,ed_port_scen1,3480.0,3540.0,542415708#6,11.83,0.21,3.16,9.0,9.0
scen2,ed_port_scen1,3480.0,3540.0,669284456,5.34,10.34,2.82,5.0,3.0
scen2,ed_port_scen1,3480.0,3540.0,669284462,9.43,7.43,3.69,8.0,9.0
scen2,ed_port_scen1,3480.0,3540.0,669871305#0,0.09,54.83,5.33,1.0,1.0
scen2,ed_port_scen1,3480.0,3540.0,669871305#1,0.14,528.22,6.9,1.0,1.0
scen2,ed_port_scen1,3480.0,3540.0,669871307#0,0.09,0.32,15.53,1.0,1.0
scen2,ed_port_scen1,3480.0,3540.0,669871307#1,0.13,1062.56,10.88,1.0,1.0
scen2,ed_port_scen1,3480.0,3540.0,669871307#2,0.12,293.85,10.99,1.0,1.0
scen2,ed_port_scen1,3480.0,3540.0,671267430,0.02,401.69,13.36,1.0,1.0
scen2,ed_port_scen1,3480.0,3540.0,92848448#0,5.29,4.31,4.75,3.0,3.0
scen2,ed_port_scen1,3480.0,3540.0,92848448#1,5.61,22.64,2.46,3.0,1.0
scen2,ed_port_scen1,3480.0,3540.0,92848448#1.170,0.0,,66.17,0.0,0.0
scen2,ed_port_scen1,3480.0,3540.0,92848448#1.291,0.0,,71.28,0.0,0.0
scen2,ed_port_scen1,3480.0,3540.0,92848448#1.312,0.0,,66.58,0.0,0.0
scen2,ed_port_scen1,3480.0,3540.0,92848448#2,0.0,,65.27,0.0,0.0
scen2,ed_port_scen1,3480.0,3540.0,92848448#2.33,0.04,2139.32,65.93,0.0,1.0
scen2,ed_port_scen1,3480.0,3540.0,92848448#3,0.09,,89.5,0.0,0.0
scen2,ed_port_scen1,3480.0,3540.0,E1,12.38,0.94,6.03,9.0,9.0
scen2,ed_port_scen1,3480.0,3540.0,E11,4.37,0.51,1.95,1.0,1.0
scen2,ed_port_scen1,3480.0,3540.0,E12,0.02,1204.23,54.79,1.0,0.0
scen2,ed_port_scen1,3480.0,3540.0,E13,0.0,,96.02,0.0,0.0
scen2,ed_port_scen1,3480.0,3540.0,E15,0.0,,39.9,0.0,0.0
scen2,ed_port_scen1,3480.0,3540.0,E16,0.0,,96.91,0.0,0.0
scen2,ed_port_scen1,3480.0,3540.0,E18,0.0,,61.44,0.0,0.0
scen2,ed_port_scen1,3480.0,3540.0,E19,0.0,,84.92,0.0,0.0
scen2,ed_port_scen1,3480.0,3540.0,E23,8.63,3.04,9.84,11.0,10.0
scen2,ed_port_scen1,3480.0,3540.0,E24,12.43,4.95,6.53,10.0,10.0
scen2,ed_port_scen1,3480.0,3540.0,E25,12.72,1.56,6.42,10.0,9.0
scen2,ed_port_scen1,3480.0,3540.0,E26,12.86,3.76,6.46,9.0,10.0
scen2,ed_port_scen1,3480.0,3540.0,E27,13.06,5.37,6.41,10.0,10.0
scen2,ed_port_scen1,3480.0,3540.0,E28,13.07,3.46,6.39,10.0,10.0
scen2,ed_port_scen1,3480.0,3540.0,E29,13.02,1.16,7.03,10.0,11.0
scen2,ed_port_scen1,3480.0,3540.0,E3,4.91,8.16,15.79,11.0,10.0
scen2,ed_port_scen1,3480.0,3540.0,E30,13.03,1.84,7.09,11.0,11.0
scen2,ed_port_scen1,3480.0,3540.0,E31,12.9,1.93,7.12,11.0,11.0
scen2,ed_port_scen1,3480.0,3540.0,E32,12.9,0.6,7.1,11.0,11.0
scen2,ed_port_scen1,3480.0,3540.0,E33,12.81,2.65,6.78,11.0,10.0
scen2,ed_port_scen1,3480.0,3540.0,E4,5.16,1.87,15.6,10.0,10.0
scen2,ed_port_scen1,3540.0,3600.0,1211925684,13.42,2.86,1.92,9.0,10.0
scen2,ed_port_scen1,3540.0,3600.0,1211925685,2.18,2.6,14.13,11.0,11.0
scen2,ed_port_scen1,3540.0,3600.0,1211925690,13.21,3.02,3.14,10.0,10.0
scen2,ed_port_scen1,3540.0,3600.0,1443544287#0,13.43,0.77,2.47,8.0,8.0
scen2,ed_port_scen1,3540.0,3600.0,1443544287#1,13.41,3.26,1.81,8.0,9.0
scen2,ed_port_scen1,3540.0,3600.0,542415702,13.37,4.52,1.77,8.0,8.0
scen2,ed_port_scen1,3540.0,3600.0,542415708#0,11.11,0.02,3.17,9.0,9.0
scen2,ed_port_scen1,3540.0,3600.0,542415708#1,12.17,0.65,3.08,9.0,9.0
scen2,ed_port_scen1,3540.0,3600.0,542415708#2,12.76,2.01,3.14,9.0,10.0
scen2,ed_port_scen1,3540.0,3600.0,542415708#3,10.02,0.39,3.85,10.0,9.0
scen2,ed_port_scen1,3540.0,3600.0,542415708#4,10.32,0.02,3.63,9.0,9.0
scen2,ed_port_scen1,3540.0,3600.0,542415708#6,10.97,0.23,3.42,9.0,9.0
scen2,ed_port_scen1,3540.0,3600.0,669284456,4.92,11.17,9.12,10.0,10.0
scen2,ed_port_scen1,3540.0,3600.0,669284462,9.32,7.53,4.54,11.0,10.0
scen2,ed_port_scen1,3540.0,3600.0,669871305#0,0.0,,5.5,0.0,0.0
scen2,ed_port_scen1,3540.0,3600.0,669871305#1,0.0,,7.03,0.0,0.0
scen2,ed_port_scen1,3540.0,3600.0,669871307#0,0.0,,16.67,0.0,0.0
scen2,ed_port_scen1,3540.0,3600.0,669871307#1,0.0,100000.0,11.11,0.0,0.0
scen2,ed_port_scen1,3540.0,3600.0,669871307#2,0.0,,11.22,0.0,0.0
scen2,ed_port_scen1,3540.0,3600.0,671267430,0.0,,14.19,0.0,0.0
scen2,ed_port_scen1,3540.0,3600.0,92848448#0,4.82,4.72,14.98,9.0,8.0
scen2,ed_port_scen1,3540.0,3600.0,92848448#1,3.09,36.14,18.32,8.0,3.0
scen2,ed_port_scen1,3540.0,3600.0,92848448#1.170,0.13,826.92,64.78,1.0,1.0
scen2,ed_port_scen1,3540.0,3600.0,92848448#1.291,0.16,117.26,69.72,1.0,1.0
scen2,ed_port_scen1,3540.0,3600.0,92848448#1.312,0.13,651.29,65.08,2.0,1.0
scen2,ed_port_scen1,3540.0,3600.0,92848448#2,0.12,185.0,63.77,1.0,1.0
scen2,ed_port_scen1,3540.0,3600.0,92848448#2.33,0.09,924.15,61.65,2.0,0.0
scen2,ed_port_scen1,3540.0,3600.0,92848448#3,0.01,0.84,98.23,1.0,1.0
scen2,ed_port_scen1,3540.0,3600.0,E1,10.74,1.07,9.24,12.0,12.0
scen2,ed_port_scen1,3540.0,3600.0,E11,0.27,20.43,62.7,2.0,1.0
scen2,ed_port_scen1,3540.0,3600.0,E12,0.12,235.11,65.2,1.0,1.0
scen2,ed_port_scen1,3540.0,3600.0,E13,0.13,56.77,92.19,1.0,1.0
scen2,ed_port_scen1,3540.0,3600.0,E15,0.16,202.86,39.42,1.0,1.0
scen2,ed_port_scen1,3540.0,3600.0,E16,0.05,60.12,92.71,1.0,1.0
scen2,ed_port_scen1,3540.0,3600.0,E18,0.1,152.19,60.81,1.0,1.0
scen2,ed_port_scen1,3540.0,3600.0,E19,0.01,66.82,79.71,1.0,1.0
scen2,ed_port_scen1,3540.0,3600.0,E23,9.15,2.87,11.5,13.0,13.0
scen2,ed_port_scen1,3540.0,3600.0,E24,12.59,4.88,8.35,13.0,12.0
scen2,ed_port_scen1,3540.0,3600.0,E25,12.56,1.57,8.08,12.0,13.0
scen2,ed_port_scen1,3540.0,3600.0,E26,12.32,3.93,8.62,13.0,12.0
scen2,ed_port_scen1,3540.0,3600.0,E27,12.12,5.77,8.05,12.0,11.0
scen2,ed_port_scen1,3540.0,3600.0,E28,11.92,3.8,7.69,11.0,11.0
scen2,ed_port_scen1,3540.0,3600.0,E29,11.93,1.26,7.68,11.0,11.0
scen2,ed_port_scen1,3540.0,3600.0,E3,4.53,9.09,19.11,13.0,13.0
scen2,ed_port_scen1,3540.0,3600.0,E30,11.97,2.0,8.09,11.0,12.0
scen2,ed_port_scen1,3540.0,3600.0,E31,11.88,2.1,8.14,12.0,11.0
scen2,ed_port_scen1,3540.0,3600.0,E32,11.84,0.65,7.72,11.0,11.0
scen2,ed_port_scen1,3540.0,3600.0,E33,11.7,2.9,8.05,11.0,11.0
scen2,ed_port_scen1,3540.0,3600.0,E4,5.39,1.78,19.59,13.0,13.0
